Calls,,,,,,,,,,,,Puts
Open (USDT),Delta,Bid Size,Bid/IV,Mark/IV,Ask/IV,Ask Size,Position,Strike,Position,Bid Size,Bid/IV,Mark/IV,Ask/IV,Ask Size,Delta,Open (USDT)
0.00,0.99995,0.27,550.0,550.0,"5,478.6","5,478.6",0.0,0.0,0.00,--,53000,--,0.07,10.0,10.0,18.2,18.2,30.0,30.0,17.18,-0.01791,"987,805.85"
0.00,0.98014,1.50,"3,675.0","3,675.0","4,495.7","4,495.7","5,240.0","5,240.0",1.50,--,54000,--,3.00,5.0,5.0,12.4,12.4,25.0,25.0,12.00,-0.01580,"1,140,360.48"
0.00,0.94382,1.50,"2,745.0","2,745.0","3,534.6","3,534.6","4,195.0","4,195.0",1.50,--,55000,--,0.00,0.0,0.0,31.5,31.5,15.0,15.0,12.00,-0.03808,"500,916.93"
0.00,0.91251,1.50,"2,375.0","2,375.0","3,072.9","3,072.9","3,635.0","3,635.0",1.50,--,55500,--,0.00,0.0,0.0,49.6,49.6,20.0,20.0,12.00,-0.05817,"555,275.48"
"65,464.05",0.87015,1.50,"1,915.0","1,915.0","2,630.6","2,630.6","3,100.0","3,100.0",1.50,--,56000,--,0.00,0.0,0.0,75.5,75.5,25.0,25.0,12.00,-0.08630,"4,524,033.91"
"87,090.57",0.85248,1.50,"1,425.0","1,425.0","2,130.3","2,130.3","2,490.0","2,490.0",1.50,--,56500,--,7.14,15.0,15.0,17.3,17.3,20.0,20.0,1.60,-0.03785,"1,255,507.08"
"1,094,769.44",0.82323,1.50,"1,045.0","1,045.0","1,638.0","1,638.0","1,925.0","1,925.0",1.50,--,57000,--,7.54,25.0,25.0,27.4,27.4,30.0,30.0,12.20,-0.06350,"4,353,359.77"
"479,874.91",0.83767,0.01,745.0,745.0,"1,067.0","1,067.0","1,155.0","1,155.0",1.50,--,57500,--,3.00,45.0,45.0,47.4,47.4,50.0,50.0,7.72,-0.11611,"1,369,484.68"
"1,568,214.85",0.72181,1.50,490.0,490.0,623.3,623.3,670.0,670.0,1.50,--,58000,--,16.40,105.0,105.0,107.4,107.4,110.0,110.0,3.77,-0.24937,"4,763,679.12"
"830,575.21",0.49078,12.00,250.0,250.0,266.6,266.6,265.0,265.0,12.99,--,58500,--,9.99,275.0,275.0,286.7,286.7,280.0,280.0,6.24,-0.50922,"659,901.07"
"1,666,410.94",0.24040,2.68,100.0,100.0,102.4,102.4,105.0,105.0,18.89,--,59000,--,0.24,565.0,565.0,652.1,652.1,695.0,695.0,7.30,-0.73372,"465,262.40"
"2,347,354.03",0.12315,0.01,50.0,50.0,52.4,52.4,55.0,55.0,25.96,--,59500,--,0.16,920.0,920.0,"1,124.2","1,124.2","1,240.0","1,240.0",0.08,-0.82131,"259,518.22"
"3,406,468.95",0.06806,3.06,25.0,25.0,29.7,29.7,35.0,35.0,17.93,--,60000,--,1.50,"1,070.0","1,070.0","1,695.3","1,695.3","2,010.0","2,010.0",1.50,-0.80889,"205,159.67"
"529,557.45",0.03891,10.41,15.0,15.0,17.3,17.3,20.0,20.0,5.17,--,60500,--,1.50,"1,485.0","1,485.0","2,180.0","2,180.0","2,555.0","2,555.0",1.50,-0.84130,0.00
"905,391.28",0.09126,0.00,0.0,0.0,76.6,76.6,20.0,20.0,12.00,--,61000,--,1.50,"1,930.0","1,930.0","2,679.8","2,679.8","3,130.0","3,130.0",1.50,-0.85853,"234,384.70"
"661,654.57",0.05159,0.00,0.0,0.0,44.3,44.3,25.0,25.0,12.02,--,62000,--,1.50,"2,765.0","2,765.0","3,589.3","3,589.3","4,215.0","4,215.0",1.50,-0.92982,"7,598.50"
"1,090,093.44",0.01181,0.00,0.0,0.0,9.2,9.2,10.0,10.0,10.36,--,64000,--,1.50,"4,420.0","4,420.0","5,527.5","5,527.5","6,490.0","6,490.0",1.50,-0.98887,0.00
0.00,0.99995,0.27,550.0,550.0,"5,479.7","5,479.7",0.0,0.0,0.00,--,53000,--,0.07,10.0,10.0,18.2,18.2,30.0,30.0,17.18,-0.01791,"987,805.85"
0.00,0.98017,1.50,"3,675.0","3,675.0","4,496.7","4,496.7","5,240.0","5,240.0",1.50,--,54000,--,3.00,5.0,5.0,12.4,12.4,25.0,25.0,12.00,-0.01580,"1,140,360.48"
0.00,0.94388,1.50,"2,745.0","2,745.0","3,535.6","3,535.6","4,195.0","4,195.0",1.50,--,55000,--,0.00,0.0,0.0,31.5,31.5,15.0,15.0,12.00,-0.03804,"500,916.93"
0.00,0.91260,1.50,"2,375.0","2,375.0","3,073.8","3,073.8","3,635.0","3,635.0",1.50,--,55500,--,0.00,0.0,0.0,49.6,49.6,20.0,20.0,12.00,-0.05812,"555,275.48"
"65,464.05",0.87027,1.50,"1,915.0","1,915.0","2,631.4","2,631.4","3,100.0","3,100.0",1.50,--,56000,--,0.00,0.0,0.0,75.5,75.5,25.0,25.0,12.00,-0.08623,"4,524,033.91"
"87,090.57",0.85275,1.50,"1,425.0","1,425.0","2,131.0","2,131.0","2,490.0","2,490.0",1.50,--,56500,--,12.72,15.0,15.0,17.3,17.3,20.0,20.0,1.60,-0.03783,"1,255,507.08"
"1,094,769.44",0.82356,1.50,"1,045.0","1,045.0","1,638.6","1,638.6","1,925.0","1,925.0",1.50,--,57000,--,7.54,25.0,25.0,27.4,27.4,30.0,30.0,13.23,-0.06347,"4,353,359.77"
"479,874.91",0.83439,2.03,910.0,910.0,"1,071.7","1,071.7","1,165.0","1,165.0",2.03,--,57500,--,12.22,45.0,45.0,47.4,47.4,50.0,50.0,7.72,-0.11603,"1,369,484.68"
"1,568,214.85",0.72762,1.50,465.0,465.0,616.5,616.5,655.0,655.0,3.23,--,58000,--,2.01,110.0,110.0,112.4,112.4,115.0,115.0,3.74,-0.25367,"4,763,679.12"
"830,575.21",0.49138,12.00,250.0,250.0,267.1,267.1,265.0,265.0,5.96,--,58500,--,11.57,275.0,275.0,286.2,286.2,280.0,280.0,5.60,-0.50862,"659,901.07"
"1,666,410.94",0.23656,6.76,90.0,90.0,98.4,98.4,105.0,105.0,14.72,--,59000,--,0.24,565.0,565.0,651.6,651.6,695.0,695.0,7.30,-0.73303,"465,262.40"
"2,347,354.03",0.12323,0.01,50.0,50.0,52.4,52.4,55.0,55.0,25.96,--,59500,--,3.80,920.0,920.0,"1,107.3","1,107.3","1,200.0","1,200.0",1.90,-0.83568,"259,518.22"
"3,406,468.95",0.06809,3.06,25.0,25.0,29.7,29.7,35.0,35.0,5.53,--,60000,--,1.50,"1,070.0","1,070.0","1,694.7","1,694.7","2,010.0","2,010.0",1.50,-0.80857,"205,159.67"
"529,557.45",0.03892,10.41,15.0,15.0,17.3,17.3,20.0,20.0,5.17,--,60500,--,1.50,"1,485.0","1,485.0","2,179.4","2,179.4","2,555.0","2,555.0",1.50,-0.84103,0.00
"905,391.28",0.09131,0.00,0.0,0.0,76.6,76.6,20.0,20.0,12.00,--,61000,--,1.50,"1,930.0","1,930.0","2,679.2","2,679.2","3,130.0","3,130.0",1.50,-0.85830,"234,384.70"
"661,654.57",0.05162,0.00,0.0,0.0,44.3,44.3,25.0,25.0,12.02,--,62000,--,1.50,"2,765.0","2,765.0","3,588.3","3,588.3","4,215.0","4,215.0",1.50,-0.92978,"7,598.50"
"1,090,093.44",0.01181,0.00,0.0,0.0,9.2,9.2,10.0,10.0,10.36,--,64000,--,1.50,"4,420.0","4,420.0","5,526.4","5,526.4","6,490.0","6,490.0",1.50,-0.98886,0.00
0.00,0.99995,0.27,550.0,550.0,"5,479.6","5,479.6",0.0,0.0,0.00,--,53000,--,0.07,10.0,10.0,18.2,18.2,30.0,30.0,17.18,-0.01791,"987,805.85"
0.00,0.98018,1.50,"3,675.0","3,675.0","4,496.6","4,496.6","5,240.0","5,240.0",1.50,--,54000,--,3.00,5.0,5.0,12.4,12.4,25.0,25.0,12.00,-0.01580,"1,140,360.48"
0.00,0.94390,1.50,"2,745.0","2,745.0","3,535.5","3,535.5","4,195.0","4,195.0",1.50,--,55000,--,0.00,0.0,0.0,31.5,31.5,15.0,15.0,12.00,-0.03804,"500,916.93"
0.00,0.91261,1.50,"2,375.0","2,375.0","3,073.8","3,073.8","3,635.0","3,635.0",1.50,--,55500,--,0.00,0.0,0.0,49.6,49.6,20.0,20.0,12.00,-0.05812,"555,275.48"
"65,464.05",0.87028,1.50,"1,915.0","1,915.0","2,631.3","2,631.3","3,100.0","3,100.0",1.50,--,56000,--,0.00,0.0,0.0,75.4,75.4,25.0,25.0,12.00,-0.08622,"4,524,033.91"
"87,090.57",0.85274,1.50,"1,425.0","1,425.0","2,130.9","2,130.9","2,490.0","2,490.0",1.50,--,56500,--,12.72,15.0,15.0,17.3,17.3,20.0,20.0,4.32,-0.03783,"1,255,507.08"
"1,094,769.44",0.82355,1.50,"1,045.0","1,045.0","1,638.6","1,638.6","1,925.0","1,925.0",1.50,--,57000,--,7.54,25.0,25.0,27.4,27.4,30.0,30.0,15.40,-0.06347,"4,353,359.77"
"479,874.91",0.83823,2.03,920.0,920.0,"1,067.5","1,067.5","1,155.0","1,155.0",2.03,--,57500,--,12.22,45.0,45.0,47.4,47.4,50.0,50.0,13.65,-0.11604,"1,369,484.68"
"1,568,214.85",0.72413,1.51,460.0,460.0,621.3,621.3,665.0,665.0,3.22,--,58000,--,14.96,105.0,105.0,107.4,107.4,110.0,110.0,5.22,-0.24916,"4,763,679.12"
"830,575.21",0.49135,0.01,260.0,260.0,267.0,267.0,265.0,265.0,5.96,--,58500,--,10.00,275.0,275.0,286.2,286.2,280.0,280.0,9.29,-0.50865,"659,901.07"
"1,666,410.94",0.23555,4.53,95.0,95.0,97.4,97.4,100.0,100.0,15.45,--,59000,--,0.24,565.0,565.0,651.6,651.6,695.0,695.0,7.30,-0.73307,"465,262.40"
"2,347,354.03",0.12322,0.01,50.0,50.0,52.4,52.4,55.0,55.0,25.96,--,59500,--,3.80,930.0,930.0,"1,107.3","1,107.3","1,200.0","1,200.0",1.90,-0.83572,"259,518.22"
"3,406,468.95",0.06809,3.06,25.0,25.0,29.7,29.7,35.0,35.0,6.64,--,60000,--,1.50,"1,070.0","1,070.0","1,694.7","1,694.7","2,010.0","2,010.0",1.50,-0.80859,"205,159.67"
"529,557.45",0.03892,9.12,15.0,15.0,17.3,17.3,20.0,20.0,6.10,--,60500,--,1.50,"1,485.0","1,485.0","2,179.4","2,179.4","2,555.0","2,555.0",1.50,-0.84105,0.00
"905,391.28",0.09130,0.00,0.0,0.0,76.6,76.6,20.0,20.0,12.00,--,61000,--,1.50,"1,930.0","1,930.0","2,679.2","2,679.2","3,130.0","3,130.0",1.50,-0.85832,"234,384.70"
"661,654.57",0.05161,0.00,0.0,0.0,44.3,44.3,25.0,25.0,12.02,--,62000,--,1.50,"2,765.0","2,765.0","3,588.3","3,588.3","4,215.0","4,215.0",1.50,-0.92980,"7,598.50"
"1,090,093.44",0.01181,0.00,0.0,0.0,9.2,9.2,10.0,10.0,10.36,--,64000,--,1.50,"4,420.0","4,420.0","5,526.5","5,526.5","6,490.0","6,490.0",1.50,-0.98887,0.00
0.00,0.99995,0.27,550.0,550.0,"5,478.7","5,478.7",0.0,0.0,0.00,--,53000,--,0.07,10.0,10.0,18.2,18.2,30.0,30.0,17.18,-0.01791,"988,030.44"
0.00,0.98017,1.50,"3,675.0","3,675.0","4,495.8","4,495.8","5,240.0","5,240.0",1.50,--,54000,--,3.00,5.0,5.0,12.4,12.4,25.0,25.0,12.00,-0.01580,"1,140,619.76"
0.00,0.94387,1.50,"2,745.0","2,745.0","3,534.6","3,534.6","4,195.0","4,195.0",1.50,--,55000,--,0.00,0.0,0.0,31.5,31.5,15.0,15.0,12.00,-0.03805,"501,030.82"
0.00,0.91256,1.50,"2,375.0","2,375.0","3,072.9","3,072.9","3,635.0","3,635.0",1.50,--,55500,--,0.00,0.0,0.0,49.6,49.6,20.0,20.0,12.00,-0.05814,"555,401.73"
"65,478.94",0.87022,1.50,"1,915.0","1,915.0","2,630.6","2,630.6","3,100.0","3,100.0",1.50,--,56000,--,0.00,0.0,0.0,75.5,75.5,25.0,25.0,12.00,-0.08626,"4,525,062.51"
"87,110.37",0.85252,1.50,"1,425.0","1,425.0","2,130.4","2,130.4","2,490.0","2,490.0",1.50,--,56500,--,12.72,15.0,15.0,17.3,17.3,20.0,20.0,4.32,-0.03785,"1,255,792.54"
"1,095,018.35",0.82328,1.50,"1,045.0","1,045.0","1,638.1","1,638.1","1,925.0","1,925.0",1.50,--,57000,--,7.54,25.0,25.0,27.4,27.4,30.0,30.0,15.40,-0.06349,"4,354,349.56"
"479,984.02",0.84584,2.03,920.0,920.0,"1,058.9","1,058.9","1,135.0","1,135.0",2.03,--,57500,--,12.22,45.0,45.0,47.4,47.4,50.0,50.0,10.15,-0.11610,"1,369,796.05"
"1,568,571.41",0.71551,3.22,505.0,505.0,632.9,632.9,690.0,690.0,3.22,--,58000,--,14.96,105.0,105.0,107.4,107.4,110.0,110.0,5.22,-0.24934,"4,764,762.21"
"830,764.06",0.49085,0.01,260.0,260.0,266.6,266.6,265.0,265.0,5.96,--,58500,--,10.00,275.0,275.0,286.6,286.6,280.0,280.0,9.29,-0.50915,"660,051.10"
"1,666,789.82",0.23539,7.44,95.0,95.0,97.4,97.4,100.0,100.0,15.45,--,59000,--,5.77,540.0,540.0,652.0,652.0,695.0,695.0,7.27,-0.73365,"465,368.18"
"2,347,887.73",0.12316,0.01,50.0,50.0,52.4,52.4,55.0,55.0,25.96,--,59500,--,3.80,930.0,930.0,"1,095.6","1,095.6","1,170.0","1,170.0",3.80,-0.84861,"259,577.22"
"3,407,243.45",0.06807,3.06,25.0,25.0,29.7,29.7,35.0,35.0,6.64,--,60000,--,1.50,"1,070.0","1,070.0","1,695.2","1,695.2","2,010.0","2,010.0",1.50,-0.80886,"205,206.32"
"529,677.86",0.03891,9.12,15.0,15.0,17.3,17.3,20.0,20.0,6.10,--,60500,--,1.50,"1,485.0","1,485.0","2,179.9","2,179.9","2,555.0","2,555.0",1.50,-0.84128,0.00
"905,597.13",0.09124,0.00,0.0,0.0,76.5,76.5,20.0,20.0,12.00,--,61000,--,1.50,"1,930.0","1,930.0","2,679.8","2,679.8","3,130.0","3,130.0",1.50,-0.85851,"234,437.99"
"661,805.00",0.05158,0.00,0.0,0.0,44.3,44.3,25.0,25.0,12.02,--,62000,--,1.50,"2,765.0","2,765.0","3,589.1","3,589.1","4,215.0","4,215.0",1.50,-0.92986,"7,600.23"
"1,090,341.29",0.01180,0.00,0.0,0.0,9.2,9.2,10.0,10.0,10.36,--,64000,--,1.50,"4,420.0","4,420.0","5,527.3","5,527.3","6,490.0","6,490.0",1.50,-0.98889,0.00
0.00,0.99995,0.27,550.0,550.0,"5,479.3","5,479.3",0.0,0.0,0.00,--,53000,--,0.07,10.0,10.0,18.2,18.2,30.0,30.0,17.18,-0.01791,"988,030.44"
0.00,0.98019,1.50,"3,675.0","3,675.0","4,496.4","4,496.4","5,240.0","5,240.0",1.50,--,54000,--,3.00,5.0,5.0,12.4,12.4,25.0,25.0,12.00,-0.01580,"1,140,619.76"
0.00,0.94391,1.50,"2,745.0","2,745.0","3,535.2","3,535.2","4,195.0","4,195.0",1.50,--,55000,--,0.00,0.0,0.0,31.5,31.5,15.0,15.0,12.00,-0.03803,"501,030.82"
0.00,0.91262,1.50,"2,375.0","2,375.0","3,073.4","3,073.4","3,635.0","3,635.0",1.50,--,55500,--,0.00,0.0,0.0,49.6,49.6,20.0,20.0,12.00,-0.05811,"555,401.73"
"65,478.94",0.87029,1.50,"1,915.0","1,915.0","2,631.0","2,631.0","3,100.0","3,100.0",1.50,--,56000,--,0.00,0.0,0.0,75.4,75.4,25.0,25.0,12.00,-0.08622,"4,525,062.51"
"87,110.37",0.85267,1.50,"1,425.0","1,425.0","2,130.7","2,130.7","2,490.0","2,490.0",1.50,--,56500,--,12.72,15.0,15.0,17.3,17.3,20.0,20.0,4.32,-0.03784,"1,255,792.54"
"1,095,018.35",0.82346,1.50,"1,045.0","1,045.0","1,638.4","1,638.4","1,925.0","1,925.0",1.50,--,57000,--,7.54,25.0,25.0,27.4,27.4,30.0,30.0,15.40,-0.06348,"4,354,349.56"
"479,984.02",0.84006,2.03,935.0,935.0,"1,065.3","1,065.3","1,150.0","1,150.0",2.03,--,57500,--,12.22,45.0,45.0,47.4,47.4,50.0,50.0,10.15,-0.11606,"1,369,796.05"
"1,568,571.41",0.72228,0.01,460.0,460.0,623.5,623.5,670.0,670.0,3.22,--,58000,--,12.72,105.0,105.0,107.4,107.4,110.0,110.0,1.50,-0.24922,"4,764,762.21"
"830,764.06",0.49118,0.01,260.0,260.0,266.8,266.8,265.0,265.0,5.96,--,58500,--,10.00,275.0,275.0,286.3,286.3,280.0,280.0,9.29,-0.50882,"660,051.10"
"1,666,789.82",0.23550,7.44,95.0,95.0,97.4,97.4,100.0,100.0,15.45,--,59000,--,1.50,535.0,535.0,651.7,651.7,695.0,695.0,7.27,-0.73328,"465,368.18"
"2,347,887.73",0.12320,0.01,50.0,50.0,52.4,52.4,55.0,55.0,25.96,--,59500,--,1.50,915.0,915.0,"1,105.4","1,105.4","1,195.0","1,195.0",1.50,-0.83787,"259,577.22"
"3,407,243.45",0.06808,3.06,25.0,25.0,29.7,29.7,35.0,35.0,6.64,--,60000,--,1.50,"1,070.0","1,070.0","1,694.9","1,694.9","2,010.0","2,010.0",1.50,-0.80869,"205,206.32"
"529,677.86",0.03892,9.12,15.0,15.0,17.3,17.3,20.0,20.0,6.10,--,60500,--,1.50,"1,485.0","1,485.0","2,179.6","2,179.6","2,555.0","2,555.0",1.50,-0.84113,0.00
"905,597.13",0.09126,0.00,0.0,0.0,76.5,76.5,20.0,20.0,12.00,--,61000,--,1.50,"1,930.0","1,930.0","2,679.4","2,679.4","3,130.0","3,130.0",1.50,-0.85839,"234,437.99"
"661,805.00",0.05159,0.00,0.0,0.0,44.3,44.3,25.0,25.0,12.02,--,62000,--,1.50,"2,765.0","2,765.0","3,588.5","3,588.5","4,215.0","4,215.0",1.50,-0.92985,"7,600.23"
"1,090,341.29",0.01180,0.00,0.0,0.0,9.2,9.2,10.0,10.0,10.36,--,64000,--,1.50,"4,420.0","4,420.0","5,526.7","5,526.7","6,490.0","6,490.0",1.50,-0.98888,0.00
0.00,0.99995,0.27,550.0,550.0,"5,479.1","5,479.1",0.0,0.0,0.00,--,53000,--,0.07,10.0,10.0,18.2,18.2,30.0,30.0,17.18,-0.01791,"988,030.44"
0.00,0.98019,1.50,"3,675.0","3,675.0","4,496.2","4,496.2","5,240.0","5,240.0",1.50,--,54000,--,3.00,5.0,5.0,12.4,12.4,25.0,25.0,12.00,-0.01580,"1,140,619.76"
0.00,0.94391,1.50,"2,745.0","2,745.0","3,535.0","3,535.0","4,195.0","4,195.0",1.50,--,55000,--,0.00,0.0,0.0,31.5,31.5,15.0,15.0,12.00,-0.03803,"501,030.82"
0.00,0.91263,1.50,"2,375.0","2,375.0","3,073.2","3,073.2","3,635.0","3,635.0",1.50,--,55500,--,0.00,0.0,0.0,49.6,49.6,20.0,20.0,12.00,-0.05811,"555,401.73"
"65,478.94",0.87029,1.50,"1,915.0","1,915.0","2,630.8","2,630.8","3,100.0","3,100.0",1.50,--,56000,--,0.00,0.0,0.0,75.4,75.4,25.0,25.0,12.00,-0.08622,"4,525,062.51"
"87,110.37",0.85263,1.50,"1,425.0","1,425.0","2,130.6","2,130.6","2,490.0","2,490.0",1.50,--,56500,--,12.72,15.0,15.0,17.3,17.3,20.0,20.0,4.12,-0.03784,"1,255,792.54"
"1,095,018.35",0.82341,1.50,"1,045.0","1,045.0","1,638.3","1,638.3","1,925.0","1,925.0",1.50,--,57000,--,6.66,25.0,25.0,27.4,27.4,30.0,30.0,11.90,-0.06348,"4,354,349.56"
"479,984.02",0.84609,2.02,920.0,920.0,"1,059.1","1,059.1","1,135.0","1,135.0",2.02,--,57500,--,3.00,45.0,45.0,47.4,47.4,50.0,50.0,9.13,-0.11607,"1,369,796.05"
"1,568,571.41",0.71891,1.50,505.0,505.0,628.2,628.2,680.0,680.0,4.71,--,58000,--,2.71,105.0,105.0,107.4,107.4,110.0,110.0,4.81,-0.24926,"4,764,762.21"
"830,764.06",0.49108,0.01,260.0,260.0,266.7,266.7,265.0,265.0,5.96,--,58500,--,11.77,270.0,270.0,286.3,286.3,275.0,275.0,1.77,-0.50892,"660,051.10"
"1,666,789.82",0.23546,7.99,95.0,95.0,97.4,97.4,100.0,100.0,12.72,--,59000,--,1.50,550.0,550.0,651.8,651.8,695.0,695.0,1.50,-0.73340,"465,368.18"
"2,347,887.73",0.12319,0.01,50.0,50.0,52.4,52.4,55.0,55.0,24.27,--,59500,--,1.50,915.0,915.0,"1,103.5","1,103.5","1,190.0","1,190.0",1.50,-0.84000,"259,577.22"
"3,407,243.45",0.06808,3.06,25.0,25.0,29.7,29.7,35.0,35.0,6.64,--,60000,--,1.50,"1,070.0","1,070.0","1,695.0","1,695.0","2,010.0","2,010.0",1.50,-0.80875,"205,206.32"
"529,677.86",0.03892,9.12,15.0,15.0,17.3,17.3,20.0,20.0,6.10,--,60500,--,1.50,"1,485.0","1,485.0","2,179.7","2,179.7","2,555.0","2,555.0",1.50,-0.84118,0.00
"905,597.13",0.09124,0.00,0.0,0.0,76.5,76.5,20.0,20.0,12.00,--,61000,--,1.50,"1,930.0","1,930.0","2,679.5","2,679.5","3,130.0","3,130.0",1.50,-0.85843,"234,437.99"
"661,805.00",0.05157,0.00,0.0,0.0,44.3,44.3,25.0,25.0,12.02,--,62000,--,1.50,"2,765.0","2,765.0","3,588.6","3,588.6","4,215.0","4,215.0",1.50,-0.92987,"7,600.23"
"1,090,341.29",0.01180,0.00,0.0,0.0,9.2,9.2,10.0,10.0,10.36,--,64000,--,1.50,"4,420.0","4,420.0","5,526.9","5,526.9","6,490.0","6,490.0",1.50,-0.98889,0.00
0.00,0.99995,0.27,550.0,550.0,"5,484.5","5,484.5",0.0,0.0,0.00,--,53000,--,0.07,10.0,10.0,18.2,18.2,30.0,30.0,17.18,-0.01789,"988,030.44"
0.00,0.98031,1.50,"3,675.0","3,675.0","4,501.4","4,501.4","5,240.0","5,240.0",1.50,--,54000,--,3.00,5.0,5.0,12.4,12.4,25.0,25.0,12.00,-0.01578,"1,140,619.76"
0.00,0.94419,1.50,"2,745.0","2,745.0","3,540.0","3,540.0","4,195.0","4,195.0",1.50,--,55000,--,0.00,0.0,0.0,31.3,31.3,15.0,15.0,12.00,-0.03789,"501,030.82"
0.00,0.91301,1.50,"2,375.0","2,375.0","3,078.1","3,078.1","3,635.0","3,635.0",1.50,--,55500,--,0.00,0.0,0.0,49.4,49.4,20.0,20.0,12.00,-0.05790,"555,401.73"
"65,478.94",0.87080,1.50,"1,915.0","1,915.0","2,635.5","2,635.5","3,100.0","3,100.0",1.50,--,56000,--,0.00,0.0,0.0,75.1,75.1,25.0,25.0,12.00,-0.08590,"4,525,062.51"
"87,110.37",0.85401,1.50,"1,425.0","1,425.0","2,133.8","2,133.8","2,490.0","2,490.0",1.50,--,56500,--,12.22,15.0,15.0,17.3,17.3,20.0,20.0,4.62,-0.03777,"1,255,792.54"
"1,095,018.35",0.82510,1.50,"1,020.0","1,020.0","1,641.2","1,641.2","1,925.0","1,925.0",1.50,--,57000,--,6.57,25.0,25.0,27.4,27.4,30.0,30.0,15.40,-0.06333,"4,354,349.56"
"479,984.02",0.86509,2.01,900.0,900.0,"1,047.7","1,047.7","1,100.0","1,100.0",1.50,--,57500,--,3.00,45.0,45.0,47.4,47.4,50.0,50.0,9.13,-0.11570,"1,369,796.05"
"1,568,571.41",0.66964,0.01,460.0,460.0,735.1,735.1,900.0,900.0,0.07,--,58000,--,2.71,105.0,105.0,107.4,107.4,110.0,110.0,4.89,-0.24813,"4,764,762.21"
"830,764.06",0.49416,0.01,260.0,260.0,269.3,269.3,265.0,265.0,0.45,--,58500,--,11.33,270.0,270.0,284.3,284.3,285.0,285.0,9.40,-0.50581,"660,051.10"
"1,666,789.82",0.23649,8.90,95.0,95.0,97.4,97.4,100.0,100.0,12.22,--,59000,--,6.06,520.0,520.0,644.9,644.9,685.0,685.0,7.32,-0.73356,"465,368.18"
"2,347,887.73",0.12356,0.01,50.0,50.0,52.4,52.4,55.0,55.0,24.27,--,59500,--,1.91,910.0,910.0,"1,102.7","1,102.7","1,195.0","1,195.0",1.91,-0.83505,"259,577.22"
"3,407,243.45",0.06823,3.06,25.0,25.0,29.7,29.7,35.0,35.0,6.64,--,60000,--,1.50,"1,070.0","1,070.0","1,692.1","1,692.1","2,010.0","2,010.0",1.50,-0.80709,"205,206.32"
"529,677.86",0.03899,9.12,15.0,15.0,17.3,17.3,20.0,20.0,5.67,--,60500,--,1.50,"1,485.0","1,485.0","2,176.5","2,176.5","2,555.0","2,555.0",1.50,-0.83978,0.00
"905,597.13",0.09156,0.00,0.0,0.0,76.8,76.8,20.0,20.0,12.00,--,61000,--,1.50,"1,930.0","1,930.0","2,676.2","2,676.2","3,130.0","3,130.0",1.50,-0.85725,"234,437.99"
"661,805.00",0.05174,0.00,0.0,0.0,44.4,44.4,25.0,25.0,12.02,--,62000,--,1.50,"2,765.0","2,765.0","3,583.6","3,583.6","4,215.0","4,215.0",1.50,-0.92957,"7,600.23"
"1,090,341.29",0.01183,0.00,0.0,0.0,9.3,9.3,10.0,10.0,10.36,--,64000,--,1.50,"4,420.0","4,420.0","5,521.6","5,521.6","6,490.0","6,490.0",1.50,-0.98883,0.00
0.00,0.99995,0.27,550.0,550.0,"5,488.3","5,488.3",0.0,0.0,0.00,--,53000,--,0.07,10.0,10.0,18.2,18.2,30.0,30.0,17.18,-0.01788,"988,030.44"
0.00,0.98040,1.50,"3,675.0","3,675.0","4,505.2","4,505.2","5,240.0","5,240.0",1.50,--,54000,--,3.00,5.0,5.0,12.4,12.4,25.0,25.0,12.00,-0.01577,"1,140,619.76"
0.00,0.94439,1.50,"2,745.0","2,745.0","3,543.6","3,543.6","4,195.0","4,195.0",1.50,--,55000,--,0.00,0.0,0.0,31.3,31.3,15.0,15.0,12.00,-0.03778,"501,030.82"
0.00,0.91329,1.50,"2,375.0","2,375.0","3,081.6","3,081.6","3,635.0","3,635.0",1.50,--,55500,--,0.00,0.0,0.0,49.3,49.3,20.0,20.0,12.00,-0.05774,"555,401.73"
"65,478.94",0.87117,1.50,"1,915.0","1,915.0","2,638.8","2,638.8","3,100.0","3,100.0",1.50,--,56000,--,0.00,0.0,0.0,74.9,74.9,25.0,25.0,12.00,-0.08567,"4,525,062.51"
"87,110.37",0.85499,1.50,"1,425.0","1,425.0","2,136.0","2,136.0","2,490.0","2,490.0",1.50,--,56500,--,4.12,15.0,15.0,17.3,17.3,20.0,20.0,4.62,-0.03771,"1,255,792.54"
"1,095,018.35",0.82099,1.50,"1,025.0","1,025.0","1,653.0","1,653.0","1,950.0","1,950.0",1.50,--,57000,--,6.17,25.0,25.0,27.4,27.4,30.0,30.0,15.40,-0.06322,"4,354,349.56"
"479,984.02",0.85358,2.01,920.0,920.0,"1,061.9","1,061.9","1,130.0","1,130.0",2.01,--,57500,--,15.72,40.0,40.0,44.8,44.8,50.0,50.0,9.93,-0.11171,"1,369,796.05"
"1,568,571.41",0.72469,3.16,510.0,510.0,631.8,631.8,680.0,680.0,1.50,--,58000,--,5.00,100.0,100.0,104.9,104.9,110.0,110.0,5.28,-0.24499,"4,764,762.21"
"830,764.06",0.49637,12.01,260.0,260.0,271.2,271.2,265.0,265.0,0.45,--,58500,--,14.53,265.0,265.0,281.6,281.6,270.0,270.0,1.42,-0.50363,"660,051.10"
"1,666,789.82",0.24227,3.54,100.0,100.0,102.4,102.4,105.0,105.0,16.50,--,59000,--,0.24,545.0,545.0,650.5,650.5,700.0,700.0,1.50,-0.72564,"465,368.18"
"2,347,887.73",0.12382,0.01,50.0,50.0,52.4,52.4,55.0,55.0,24.27,--,59500,--,3.83,920.0,920.0,"1,088.5","1,088.5","1,165.0","1,165.0",3.83,-0.84522,"259,577.22"
"3,407,243.45",0.06835,3.06,25.0,25.0,29.7,29.7,35.0,35.0,6.64,--,60000,--,1.50,"1,070.0","1,070.0","1,635.5","1,635.5",0.0,0.0,0.00,-0.83844,"205,206.32"
"529,677.86",0.03904,9.12,15.0,15.0,17.3,17.3,20.0,20.0,5.67,--,60500,--,1.50,"1,485.0","1,485.0","2,174.3","2,174.3","2,555.0","2,555.0",1.50,-0.83879,0.00
"905,597.13",0.09179,0.00,0.0,0.0,77.0,77.0,20.0,20.0,12.00,--,61000,--,1.50,"1,930.0","1,930.0","2,673.9","2,673.9","3,130.0","3,130.0",1.50,-0.85640,"234,437.99"
"661,805.00",0.05185,0.00,0.0,0.0,44.5,44.5,25.0,25.0,12.02,--,62000,--,1.50,"2,765.0","2,765.0","3,580.1","3,580.1","4,215.0","4,215.0",1.50,-0.92936,"7,600.23"
"1,090,341.29",0.01186,0.00,0.0,0.0,9.3,9.3,10.0,10.0,10.36,--,64000,--,1.50,"4,420.0","4,420.0","5,517.8","5,517.8","6,490.0","6,490.0",1.50,-0.98878,0.00
0.00,0.99995,0.27,550.0,550.0,"5,489.8","5,489.8",0.0,0.0,0.00,--,53000,--,0.07,10.0,10.0,18.2,18.2,30.0,30.0,17.18,-0.01788,"988,030.44"
0.00,0.98044,1.50,"3,675.0","3,675.0","4,506.6","4,506.6","5,240.0","5,240.0",1.50,--,54000,--,3.00,5.0,5.0,12.4,12.4,25.0,25.0,12.00,-0.01577,"1,140,619.76"
0.00,0.94448,1.50,"2,745.0","2,745.0","3,545.0","3,545.0","4,195.0","4,195.0",1.50,--,55000,--,0.00,0.0,0.0,31.2,31.2,15.0,15.0,12.00,-0.03774,"501,030.82"
0.00,0.91342,1.50,"2,375.0","2,375.0","3,082.9","3,082.9","3,635.0","3,635.0",1.50,--,55500,--,0.00,0.0,0.0,49.2,49.2,20.0,20.0,12.00,-0.05767,"555,401.73"
"65,478.94",0.87133,1.50,"1,915.0","1,915.0","2,640.0","2,640.0","3,100.0","3,100.0",1.50,--,56000,--,0.00,0.0,0.0,74.9,74.9,25.0,25.0,12.00,-0.08557,"4,525,062.51"
"87,110.37",0.85539,1.50,"1,425.0","1,425.0","2,136.9","2,136.9","2,490.0","2,490.0",1.50,--,56500,--,4.12,15.0,15.0,17.3,17.3,20.0,20.0,4.62,-0.03769,"1,255,792.54"
"1,095,018.35",0.82146,1.50,"1,025.0","1,025.0","1,653.8","1,653.8","1,950.0","1,950.0",1.50,--,57000,--,5.82,25.0,25.0,27.4,27.4,30.0,30.0,18.40,-0.06317,"4,354,349.56"
"479,984.02",0.84392,1.50,915.0,915.0,"1,072.9","1,072.9","1,155.0","1,155.0",1.50,--,57500,--,18.72,40.0,40.0,44.8,44.8,50.0,50.0,9.93,-0.11161,"1,369,796.05"
"1,568,571.41",0.73446,3.15,500.0,500.0,620.4,620.4,655.0,655.0,1.50,--,58000,--,4.39,100.0,100.0,102.4,102.4,105.0,105.0,1.50,-0.24231,"4,764,762.21"
"830,764.06",0.49724,0.01,260.0,260.0,272.0,272.0,265.0,265.0,1.50,--,58500,--,12.34,265.0,265.0,280.8,280.8,270.0,270.0,9.66,-0.50276,"660,051.10"
"1,666,789.82",0.24257,3.54,100.0,100.0,102.4,102.4,105.0,105.0,16.16,--,59000,--,0.24,550.0,550.0,640.4,640.4,680.0,680.0,5.86,-0.73186,"465,368.18"
"2,347,887.73",0.12393,0.01,50.0,50.0,52.4,52.4,55.0,55.0,26.22,--,59500,--,4.00,920.0,920.0,"1,091.8","1,091.8","1,175.0","1,175.0",3.84,-0.84016,"259,577.22"
"3,407,243.45",0.06839,3.06,25.0,25.0,29.7,29.7,35.0,35.0,6.64,--,60000,--,1.50,"1,070.0","1,070.0","1,667.7","1,667.7","1,955.0","1,955.0",1.50,-0.81731,"205,206.32"
"529,677.86",0.03906,10.19,15.0,15.0,17.3,17.3,20.0,20.0,5.13,--,60500,--,1.50,"1,485.0","1,485.0","2,173.4","2,173.4","2,555.0","2,555.0",1.50,-0.83839,0.00
"905,597.13",0.09187,0.00,0.0,0.0,77.0,77.0,20.0,20.0,12.00,--,61000,--,1.50,"1,930.0","1,930.0","2,673.0","2,673.0","3,130.0","3,130.0",1.50,-0.85607,"234,437.99"
"661,805.00",0.05189,0.00,0.0,0.0,44.5,44.5,25.0,25.0,12.02,--,62000,--,1.50,"2,765.0","2,765.0","3,578.6","3,578.6","4,215.0","4,215.0",1.50,-0.92929,"7,600.23"
"1,090,341.29",0.01187,0.00,0.0,0.0,9.3,9.3,10.0,10.0,10.36,--,64000,--,1.50,"4,420.0","4,420.0","5,516.3","5,516.3","6,490.0","6,490.0",1.50,-0.98877,0.00
0.00,0.99995,0.27,550.0,550.0,"5,498.6","5,498.6",0.0,0.0,0.00,--,53000,--,0.07,10.0,10.0,18.2,18.2,30.0,30.0,17.18,-0.01785,"988,096.93"
0.00,0.98063,1.50,"3,605.0","3,605.0","4,515.2","4,515.2","5,300.0","5,300.0",1.50,--,54000,--,3.00,5.0,5.0,12.4,12.4,25.0,25.0,12.00,-0.01574,"1,140,696.52"
0.00,0.94492,1.50,"2,745.0","2,745.0","3,553.3","3,553.3","4,195.0","4,195.0",1.50,--,55000,--,0.00,0.0,0.0,31.0,31.0,15.0,15.0,12.00,-0.03746,"501,064.54"
0.00,0.91403,1.50,"2,375.0","2,375.0","3,090.9","3,090.9","3,635.0","3,635.0",1.50,--,55500,--,0.00,0.0,0.0,48.8,48.8,20.0,20.0,12.00,-0.05726,"555,439.10"
"65,483.34",0.87215,1.50,"1,915.0","1,915.0","2,647.6","2,647.6","3,100.0","3,100.0",1.50,--,56000,--,0.00,0.0,0.0,74.3,74.3,25.0,25.0,12.00,-0.08497,"4,525,367.02"
"87,116.23",0.85298,1.50,"1,445.0","1,445.0","2,151.0","2,151.0","2,515.0","2,515.0",1.50,--,56500,--,4.95,15.0,15.0,17.3,17.3,20.0,20.0,7.62,-0.03755,"1,255,877.05"
"1,095,092.04",0.82418,1.50,"1,025.0","1,025.0","1,658.5","1,658.5","1,950.0","1,950.0",1.50,--,57000,--,4.86,25.0,25.0,27.4,27.4,30.0,30.0,18.58,-0.06287,"4,354,642.58"
"480,016.32",0.82263,1.98,910.0,910.0,"1,106.0","1,106.0","1,225.0","1,225.0",2.06,--,57500,--,18.72,40.0,40.0,42.4,42.4,45.0,45.0,6.41,-0.10735,"1,369,888.23"
"1,568,676.96",0.72785,3.10,510.0,510.0,640.6,640.6,690.0,690.0,3.10,--,58000,--,3.35,100.0,100.0,102.4,102.4,105.0,105.0,4.53,-0.24018,"4,765,082.85"
"830,819.96",0.50229,12.01,260.0,260.0,276.3,276.3,275.0,275.0,11.22,--,58500,--,2.35,260.0,260.0,275.6,275.6,265.0,265.0,5.09,-0.49673,"660,095.52"
"1,666,901.98",0.24246,9.52,95.0,95.0,100.6,100.6,105.0,105.0,12.72,--,59000,--,1.50,495.0,495.0,636.2,636.2,680.0,680.0,1.50,-0.72494,"465,399.50"
"2,348,045.73",0.12454,0.01,50.0,50.0,52.4,52.4,55.0,55.0,22.16,--,59500,--,3.87,915.0,915.0,"1,082.2","1,082.2","1,165.0","1,165.0",3.87,-0.83838,"259,594.69"
"3,407,472.74",0.06870,15.28,25.0,25.0,29.7,29.7,35.0,35.0,5.55,--,60000,--,1.50,"1,070.0","1,070.0","1,662.0","1,662.0","1,955.0","1,955.0",1.50,-0.81394,"205,220.13"
"529,713.50",0.03920,10.69,15.0,15.0,17.3,17.3,20.0,20.0,3.50,--,60500,--,1.50,"1,485.0","1,485.0","2,167.4","2,167.4","2,555.0","2,555.0",1.50,-0.83568,0.00
"905,658.07",0.09251,0.00,0.0,0.0,77.6,77.6,20.0,20.0,12.00,--,61000,--,1.50,"1,930.0","1,930.0","2,666.6","2,666.6","3,130.0","3,130.0",1.50,-0.85377,"234,453.76"
"661,849.54",0.05222,0.00,0.0,0.0,44.8,44.8,25.0,25.0,12.02,--,62000,--,1.50,"2,765.0","2,765.0","3,568.9","3,568.9","4,215.0","4,215.0",1.50,-0.92868,"7,600.74"
"1,090,414.66",0.01194,0.00,0.0,0.0,9.3,9.3,10.0,10.0,10.36,--,64000,--,1.50,"4,420.0","4,420.0","5,506.0","5,506.0","6,490.0","6,490.0",1.50,-0.98864,0.00
0.00,0.99995,0.27,550.0,550.0,"5,507.4","5,507.4",0.0,0.0,0.00,--,53000,--,0.07,10.0,10.0,18.2,18.2,30.0,30.0,17.18,-0.01783,"988,096.93"
0.00,0.98081,1.50,"3,605.0","3,605.0","4,523.8","4,523.8","5,300.0","5,300.0",1.50,--,54000,--,3.00,5.0,5.0,12.4,12.4,25.0,25.0,12.00,-0.01572,"1,140,696.52"
0.00,0.94536,1.50,"2,745.0","2,745.0","3,561.6","3,561.6","4,195.0","4,195.0",1.50,--,55000,--,0.00,0.0,0.0,30.9,30.9,15.0,15.0,12.00,-0.03728,"501,064.54"
0.00,0.91465,1.50,"2,375.0","2,375.0","3,098.9","3,098.9","3,635.0","3,635.0",1.50,--,55500,--,0.00,0.0,0.0,48.6,48.6,20.0,20.0,12.00,-0.05698,"555,439.10"
"65,483.34",0.87297,1.50,"1,915.0","1,915.0","2,655.3","2,655.3","3,100.0","3,100.0",1.50,--,56000,--,0.00,0.0,0.0,74.0,74.0,25.0,25.0,12.00,-0.08455,"4,525,367.02"
"87,116.23",0.85522,1.50,"1,445.0","1,445.0","2,156.1","2,156.1","2,515.0","2,515.0",1.50,--,56500,--,4.95,15.0,15.0,17.3,17.3,20.0,20.0,7.62,-0.03745,"1,255,877.05"
"1,095,092.04",0.82691,1.50,"1,025.0","1,025.0","1,663.3","1,663.3","1,950.0","1,950.0",1.50,--,57000,--,4.59,25.0,25.0,27.4,27.4,30.0,30.0,18.58,-0.06267,"4,354,642.58"
"480,016.32",0.85174,1.98,920.0,920.0,"1,084.2","1,084.2","1,160.0","1,160.0",1.98,--,57500,--,18.72,40.0,40.0,42.4,42.4,45.0,45.0,6.41,-0.10689,"1,369,888.23"
"1,568,676.96",0.74859,1.50,535.0,535.0,624.9,624.9,650.0,650.0,3.09,--,58000,--,3.13,100.0,100.0,102.4,102.4,105.0,105.0,4.53,-0.23877,"4,765,082.85"
"830,819.96",0.50735,15.01,260.0,260.0,280.7,280.7,275.0,275.0,7.30,--,58500,--,2.20,260.0,260.0,272.1,272.1,265.0,265.0,6.50,-0.49265,"660,095.52"
"1,666,901.98",0.24606,8.28,100.0,100.0,102.4,102.4,105.0,105.0,12.72,--,59000,--,0.24,525.0,525.0,626.3,626.3,665.0,665.0,1.50,-0.72567,"465,399.50"
"2,348,045.73",0.12516,0.01,50.0,50.0,52.4,52.4,55.0,55.0,22.16,--,59500,--,0.08,855.0,855.0,"1,068.3","1,068.3","1,140.0","1,140.0",3.87,-0.84491,"259,594.69"
"3,407,472.74",0.06891,15.28,25.0,25.0,29.7,29.7,35.0,35.0,5.55,--,60000,--,1.50,"1,070.0","1,070.0","1,658.3","1,658.3","1,955.0","1,955.0",1.50,-0.81168,"205,220.13"
"529,713.50",0.03930,11.80,15.0,15.0,17.3,17.3,20.0,20.0,3.50,--,60500,--,1.50,"1,485.0","1,485.0","2,163.4","2,163.4","2,555.0","2,555.0",1.50,-0.83385,0.00
"905,658.07",0.09294,0.00,0.0,0.0,78.0,78.0,20.0,20.0,12.00,--,61000,--,1.50,"1,930.0","1,930.0","2,661.8","2,661.8","3,130.0","3,130.0",1.50,-0.85248,"234,453.76"
"661,849.54",0.05244,0.00,0.0,0.0,45.0,45.0,25.0,25.0,12.02,--,62000,--,1.50,"2,765.0","2,765.0","3,562.3","3,562.3","4,215.0","4,215.0",1.50,-0.92828,"7,600.74"
"1,090,414.66",0.01199,0.00,0.0,0.0,9.4,9.4,10.0,10.0,10.36,--,64000,--,1.50,"4,420.0","4,420.0","5,499.0","5,499.0","6,490.0","6,490.0",1.50,-0.98855,0.00
0.00,0.99995,0.27,550.0,550.0,"5,508.0","5,508.0",0.0,0.0,0.00,--,53000,--,0.07,10.0,10.0,18.2,18.2,30.0,30.0,17.18,-0.01783,"988,096.93"
0.00,0.98083,1.50,"3,605.0","3,605.0","4,524.4","4,524.4","5,300.0","5,300.0",1.50,--,54000,--,3.00,5.0,5.0,12.4,12.4,25.0,25.0,12.00,-0.01571,"1,140,696.52"
0.00,0.94541,1.50,"2,745.0","2,745.0","3,562.1","3,562.1","4,195.0","4,195.0",1.50,--,55000,--,0.00,0.0,0.0,30.8,30.8,15.0,15.0,12.00,-0.03726,"501,064.54"
0.00,0.91471,1.50,"2,375.0","2,375.0","3,099.4","3,099.4","3,635.0","3,635.0",1.50,--,55500,--,0.00,0.0,0.0,48.6,48.6,20.0,20.0,12.00,-0.05695,"555,439.10"
"65,483.34",0.87304,1.50,"1,915.0","1,915.0","2,655.7","2,655.7","3,100.0","3,100.0",1.50,--,56000,--,0.00,0.0,0.0,73.9,73.9,25.0,25.0,12.00,-0.08451,"4,525,367.02"
"87,116.23",0.85537,1.50,"1,445.0","1,445.0","2,156.5","2,156.5","2,515.0","2,515.0",1.50,--,56500,--,4.95,15.0,15.0,17.3,17.3,20.0,20.0,6.80,-0.03744,"1,255,877.05"
"1,095,092.04",0.82710,1.50,"1,040.0","1,040.0","1,663.6","1,663.6","1,950.0","1,950.0",1.50,--,57000,--,4.12,25.0,25.0,27.4,27.4,30.0,30.0,18.14,-0.06266,"4,354,642.58"
"480,016.32",0.85858,1.96,895.0,895.0,"1,078.4","1,078.4","1,145.0","1,145.0",1.96,--,57500,--,12.22,40.0,40.0,42.4,42.4,45.0,45.0,7.34,-0.10685,"1,369,888.23"
"1,568,676.96",0.73383,1.50,535.0,535.0,644.3,644.3,690.0,690.0,1.50,--,58000,--,12.72,90.0,90.0,96.1,96.1,100.0,100.0,2.35,-0.23240,"4,765,082.85"
"830,819.96",0.50768,12.00,270.0,270.0,281.0,281.0,280.0,280.0,11.03,--,58500,--,1.90,255.0,255.0,271.8,271.8,260.0,260.0,2.09,-0.49232,"660,095.52"
"1,666,901.98",0.25102,4.35,105.0,105.0,107.4,107.4,110.0,110.0,17.47,--,59000,--,1.50,510.0,510.0,633.2,633.2,680.0,680.0,1.50,-0.71998,"465,399.50"
"2,348,045.73",0.12520,0.01,50.0,50.0,52.4,52.4,55.0,55.0,20.75,--,59500,--,0.08,855.0,855.0,"1,068.0","1,068.0","1,140.0","1,140.0",1.95,-0.84457,"259,594.69"
"3,407,472.74",0.06892,15.28,25.0,25.0,29.7,29.7,35.0,35.0,5.09,--,60000,--,1.50,"1,070.0","1,070.0","1,657.9","1,657.9","1,955.0","1,955.0",1.50,-0.81150,"205,220.13"
"529,713.50",0.03931,11.39,15.0,15.0,17.3,17.3,20.0,20.0,3.50,--,60500,--,1.50,"1,485.0","1,485.0","2,163.0","2,163.0","2,555.0","2,555.0",1.50,-0.83370,0.00
"905,658.07",0.09297,0.00,0.0,0.0,78.0,78.0,20.0,20.0,12.00,--,61000,--,1.50,"1,930.0","1,930.0","2,661.2","2,661.2","3,130.0","3,130.0",1.50,-0.85244,"234,453.76"
"661,849.54",0.05245,0.00,0.0,0.0,45.0,45.0,25.0,25.0,12.02,--,62000,--,1.50,"2,765.0","2,765.0","3,561.7","3,561.7","4,215.0","4,215.0",1.50,-0.92826,"7,600.74"
"1,090,414.66",0.01199,0.00,0.0,0.0,9.4,9.4,10.0,10.0,10.36,--,64000,--,1.50,"4,420.0","4,420.0","5,498.4","5,498.4","6,490.0","6,490.0",1.50,-0.98855,0.00
0.00,0.99995,0.27,550.0,550.0,"5,524.1","5,524.1",0.0,0.0,0.00,--,53000,--,0.07,10.0,10.0,18.2,18.2,30.0,30.0,17.18,-0.01779,"988,096.93"
0.00,0.98117,1.50,"3,605.0","3,605.0","4,540.2","4,540.2","5,300.0","5,300.0",1.50,--,54000,--,3.00,5.0,5.0,12.4,12.4,25.0,25.0,12.00,-0.01567,"1,140,696.52"
0.00,0.94619,1.50,"2,745.0","2,745.0","3,577.3","3,577.3","4,195.0","4,195.0",1.50,--,55000,--,0.00,0.0,0.0,30.5,30.5,15.0,15.0,12.00,-0.03685,"501,064.54"
0.00,0.91582,1.50,"2,375.0","2,375.0","3,114.2","3,114.2","3,635.0","3,635.0",1.50,--,55500,--,0.00,0.0,0.0,48.1,48.1,20.0,20.0,12.00,-0.05634,"555,439.10"
"65,483.34",0.87452,1.50,"1,915.0","1,915.0","2,669.8","2,669.8","3,100.0","3,100.0",1.50,--,56000,--,0.00,0.0,0.0,73.1,73.1,25.0,25.0,12.00,-0.08360,"4,525,367.02"
"87,116.23",0.85392,1.50,"1,470.0","1,470.0","2,176.6","2,176.6","2,545.0","2,545.0",1.50,--,56500,--,4.95,15.0,15.0,17.3,17.3,20.0,20.0,6.80,-0.03723,"1,255,877.05"
"1,095,092.04",0.82677,1.50,"1,040.0","1,040.0","1,682.1","1,682.1","1,975.0","1,975.0",1.50,--,57000,--,20.32,20.0,20.0,22.4,22.4,25.0,25.0,5.95,-0.05434,"4,354,642.58"
"480,016.32",0.85704,1.93,970.0,970.0,"1,097.1","1,097.1","1,170.0","1,170.0",1.93,--,57500,--,3.00,40.0,40.0,42.4,42.4,45.0,45.0,7.34,-0.10583,"1,369,888.23"
"1,568,676.96",0.73890,3.07,540.0,540.0,657.9,657.9,705.0,705.0,3.07,--,58000,--,16.28,95.0,95.0,97.4,97.4,100.0,100.0,4.64,-0.23062,"4,765,082.85"
"830,819.96",0.51696,12.00,270.0,270.0,289.2,289.2,285.0,285.0,1.50,--,58500,--,15.50,250.0,250.0,263.9,263.9,255.0,255.0,3.54,-0.48304,"660,095.52"
"1,666,901.98",0.25901,3.05,110.0,110.0,112.4,112.4,115.0,115.0,18.81,--,59000,--,0.25,525.0,525.0,617.4,617.4,660.0,660.0,6.38,-0.71642,"465,399.50"
"2,348,045.73",0.12636,5.51,50.0,50.0,52.4,52.4,55.0,55.0,20.05,--,59500,--,1.97,850.0,850.0,"1,063.7","1,063.7","1,150.0","1,150.0",1.97,-0.83111,"259,594.69"
"3,407,472.74",0.06941,15.28,25.0,25.0,29.7,29.7,35.0,35.0,4.19,--,60000,--,1.50,"1,070.0","1,070.0","1,649.4","1,649.4","1,955.0","1,955.0",1.50,-0.80638,"205,220.13"
"529,713.50",0.03953,12.39,15.0,15.0,17.3,17.3,20.0,20.0,3.50,--,60500,--,1.50,"1,485.0","1,485.0","2,042.7","2,042.7",0.0,0.0,0.00,-0.90153,0.00
"905,658.07",0.09398,0.00,0.0,0.0,78.9,78.9,20.0,20.0,12.00,--,61000,--,1.50,"1,930.0","1,930.0","2,647.5","2,647.5","3,130.0","3,130.0",1.50,-0.85083,"234,453.76"
"661,849.54",0.05297,0.00,0.0,0.0,45.5,45.5,25.0,25.0,12.02,--,62000,--,1.50,"2,765.0","2,765.0","3,546.7","3,546.7","4,215.0","4,215.0",1.50,-0.92730,"7,600.74"
"1,090,414.66",0.01211,0.00,0.0,0.0,9.5,9.5,10.0,10.0,10.36,--,64000,--,1.50,"4,420.0","4,420.0","5,482.4","5,482.4","6,490.0","6,490.0",1.50,-0.98834,0.00
0.00,0.99995,0.27,550.0,550.0,"5,533.5","5,533.5",0.0,0.0,0.00,--,53000,--,0.07,10.0,10.0,18.2,18.2,30.0,30.0,17.18,-0.01776,"988,096.93"
0.00,0.98136,1.50,"3,605.0","3,605.0","4,549.4","4,549.4","5,300.0","5,300.0",1.50,--,54000,--,3.00,5.0,5.0,12.4,12.4,25.0,25.0,12.00,-0.01564,"1,140,696.52"
0.00,0.94665,1.50,"2,745.0","2,745.0","3,586.2","3,586.2","4,195.0","4,195.0",1.50,--,55000,--,0.00,0.0,0.0,30.3,30.3,15.0,15.0,12.00,-0.03661,"501,064.54"
0.00,0.91647,1.50,"2,375.0","2,375.0","3,122.7","3,122.7","3,635.0","3,635.0",1.50,--,55500,--,0.00,0.0,0.0,47.8,47.8,20.0,20.0,12.00,-0.05598,"555,439.10"
"65,483.34",0.87650,1.50,"1,915.0","1,915.0","2,675.7","2,675.7","3,100.0","3,100.0",1.50,--,56000,--,0.00,0.0,0.0,72.7,72.7,25.0,25.0,12.00,-0.08307,"4,525,367.02"
"87,116.23",0.85628,1.50,"1,470.0","1,470.0","2,182.2","2,182.2","2,545.0","2,545.0",1.50,--,56500,--,5.35,15.0,15.0,17.3,17.3,20.0,20.0,6.39,-0.03710,"1,255,877.05"
"1,095,092.04",0.85455,12.00,5.0,5.0,"1,647.1","1,647.1",0.0,0.0,0.00,--,57000,--,20.32,20.0,20.0,22.4,22.4,25.0,25.0,6.75,-0.05411,"4,354,642.58"
"480,016.32",0.84020,1.91,970.0,970.0,"1,124.2","1,124.2","1,225.0","1,225.0",1.91,--,57500,--,21.24,35.0,35.0,39.8,39.8,45.0,45.0,11.45,-0.10133,"1,369,888.23"
"1,568,676.96",0.74498,3.02,540.0,540.0,661.6,661.6,705.0,705.0,3.02,--,58000,--,2.76,95.0,95.0,97.4,97.4,100.0,100.0,4.22,-0.22886,"4,765,082.85"
"830,819.96",0.52235,12.00,280.0,280.0,294.1,294.1,290.0,290.0,1.50,--,58500,--,3.00,250.0,250.0,259.4,259.4,255.0,255.0,10.89,-0.47765,"660,095.52"
"1,666,901.98",0.26101,4.15,110.0,110.0,112.4,112.4,115.0,115.0,16.91,--,59000,--,3.11,510.0,510.0,609.0,609.0,650.0,650.0,3.11,-0.71374,"465,399.50"
"2,348,045.73",0.12705,3.41,50.0,50.0,52.4,52.4,55.0,55.0,18.69,--,59500,--,0.08,855.0,855.0,"1,092.3","1,092.3","1,230.0","1,230.0",1.99,-0.79780,"259,594.69"
"3,407,472.74",0.07370,0.06,30.0,30.0,32.4,32.4,35.0,35.0,3.32,--,60000,--,1.50,"1,070.0","1,070.0","1,644.4","1,644.4","1,955.0","1,955.0",1.50,-0.80343,"205,220.13"
"529,713.50",0.03966,12.39,15.0,15.0,17.3,17.3,20.0,20.0,3.50,--,60500,--,1.50,"1,485.0","1,485.0","2,121.0","2,121.0","2,480.0","2,480.0",1.50,-0.84130,0.00
"905,658.07",0.09457,0.00,0.0,0.0,79.4,79.4,20.0,20.0,12.00,--,61000,--,1.50,"1,930.0","1,930.0","2,615.8","2,615.8","3,040.0","3,040.0",1.50,-0.86155,"234,453.76"
"661,849.54",0.05327,0.00,0.0,0.0,45.7,45.7,25.0,25.0,12.02,--,62000,--,1.50,"2,765.0","2,765.0","3,538.0","3,538.0","4,215.0","4,215.0",1.50,-0.92675,"7,600.74"
"1,090,414.66",0.01218,0.00,0.0,0.0,9.5,9.5,10.0,10.0,10.36,--,64000,--,1.50,"4,420.0","4,420.0","5,473.2","5,473.2","6,490.0","6,490.0",1.50,-0.98822,0.00
0.00,0.99995,0.27,550.0,550.0,"5,528.7","5,528.7",0.0,0.0,0.00,--,53000,--,0.07,10.0,10.0,18.2,18.2,30.0,30.0,17.18,-0.01778,"988,096.93"
0.00,0.98127,1.50,"3,605.0","3,605.0","4,544.7","4,544.7","5,300.0","5,300.0",1.50,--,54000,--,3.00,5.0,5.0,12.4,12.4,25.0,25.0,12.00,-0.01565,"1,140,696.52"
0.00,0.94644,1.50,"2,745.0","2,745.0","3,581.6","3,581.6","4,195.0","4,195.0",1.50,--,55000,--,0.00,0.0,0.0,30.4,30.4,15.0,15.0,12.00,-0.03673,"501,064.54"
0.00,0.91616,1.50,"2,335.0","2,335.0","3,118.3","3,118.3","3,675.0","3,675.0",1.50,--,55500,--,0.00,0.0,0.0,47.9,47.9,20.0,20.0,12.00,-0.05615,"555,439.10"
"65,483.34",0.87548,1.50,"1,915.0","1,915.0","2,672.7","2,672.7","3,100.0","3,100.0",1.50,--,56000,--,0.00,0.0,0.0,72.9,72.9,25.0,25.0,12.00,-0.08333,"4,525,367.02"
"87,116.23",0.85507,1.50,"1,470.0","1,470.0","2,179.3","2,179.3","2,545.0","2,545.0",1.50,--,56500,--,5.35,15.0,15.0,17.3,17.3,20.0,20.0,5.99,-0.03716,"1,255,877.05"
"1,095,092.04",0.82295,1.50,"1,055.0","1,055.0","1,694.2","1,694.2","2,000.0","2,000.0",1.50,--,57000,--,20.32,20.0,20.0,22.4,22.4,25.0,25.0,5.79,-0.05423,"4,354,642.58"
"480,016.32",0.85539,1.94,980.0,980.0,"1,103.6","1,103.6","1,180.0","1,180.0",1.50,--,57500,--,12.22,40.0,40.0,42.4,42.4,45.0,45.0,10.77,-0.10555,"1,369,888.23"
"1,568,676.96",0.75975,1.50,485.0,485.0,638.2,638.2,660.0,660.0,3.08,--,58000,--,0.50,90.0,90.0,94.9,94.9,100.0,100.0,2.67,-0.22720,"4,765,082.85"
"830,819.96",0.51958,15.50,270.0,270.0,291.6,291.6,290.0,290.0,7.20,--,58500,--,16.87,250.0,250.0,261.6,261.6,255.0,255.0,6.50,-0.48042,"660,095.52"
"1,666,901.98",0.25533,5.01,105.0,105.0,107.4,107.4,110.0,110.0,12.22,--,59000,--,6.11,510.0,510.0,618.0,618.0,665.0,665.0,0.25,-0.71180,"465,399.50"
"2,348,045.73",0.12669,0.01,50.0,50.0,52.4,52.4,55.0,55.0,22.74,--,59500,--,0.08,855.0,855.0,"1,057.2","1,057.2","1,140.0","1,140.0",3.93,-0.83260,"259,594.69"
"3,407,472.74",0.06954,15.28,25.0,25.0,29.7,29.7,35.0,35.0,4.24,--,60000,--,1.50,"1,070.0","1,070.0","1,647.0","1,647.0","1,955.0","1,955.0",1.50,-0.80495,"205,220.13"
"529,713.50",0.03959,3.50,15.0,15.0,17.3,17.3,20.0,20.0,3.50,--,60500,--,1.50,"1,485.0","1,485.0","2,123.5","2,123.5","2,480.0","2,480.0",1.50,-0.84248,0.00
"905,658.07",0.09425,0.00,0.0,0.0,79.1,79.1,20.0,20.0,12.00,--,61000,--,1.50,"1,930.0","1,930.0","2,618.4","2,618.4","3,040.0","3,040.0",1.50,-0.86256,"234,453.76"
"661,849.54",0.05311,0.00,0.0,0.0,45.6,45.6,25.0,25.0,12.02,--,62000,--,1.50,"2,765.0","2,765.0","3,542.0","3,542.0","4,215.0","4,215.0",1.50,-0.92704,"7,600.74"
"1,090,414.66",0.01214,0.00,0.0,0.0,9.5,9.5,10.0,10.0,10.36,--,64000,--,1.50,"4,420.0","4,420.0","5,477.5","5,477.5","6,490.0","6,490.0",1.50,-0.98829,0.00
0.00,0.99995,0.27,550.0,550.0,"5,529.2","5,529.2",0.0,0.0,0.00,--,53000,--,0.07,10.0,10.0,18.2,18.2,30.0,30.0,17.18,-0.01778,"988,187.17"
0.00,0.98129,1.50,"3,605.0","3,605.0","4,545.2","4,545.2","5,300.0","5,300.0",1.50,--,54000,--,3.00,5.0,5.0,12.4,12.4,25.0,25.0,12.00,-0.01565,"1,140,800.70"
0.00,0.94648,1.50,"2,745.0","2,745.0","3,582.1","3,582.1","4,195.0","4,195.0",1.50,--,55000,--,0.00,0.0,0.0,30.4,30.4,15.0,15.0,12.00,-0.03671,"501,110.30"
0.00,0.91621,1.50,"2,335.0","2,335.0","3,118.7","3,118.7","3,675.0","3,675.0",1.50,--,55500,--,0.00,0.0,0.0,47.9,47.9,20.0,20.0,12.00,-0.05612,"555,489.83"
"65,489.32",0.87560,1.50,"1,915.0","1,915.0","2,673.0","2,673.0","3,100.0","3,100.0",1.50,--,56000,--,0.01,5.0,5.0,7.2,7.2,10.0,10.0,0.50,-0.01643,"4,525,780.33"
"87,124.19",0.85521,1.50,"1,470.0","1,470.0","2,179.6","2,179.6","2,545.0","2,545.0",1.50,--,56500,--,6.33,15.0,15.0,17.3,17.3,20.0,20.0,5.59,-0.03716,"1,255,991.75"
"1,095,192.06",0.82312,1.50,"1,055.0","1,055.0","1,694.5","1,694.5","2,000.0","2,000.0",1.50,--,57000,--,20.72,20.0,20.0,22.4,22.4,25.0,25.0,5.79,-0.05421,"4,406,496.20"
"480,060.16",0.86674,1.94,940.0,940.0,"1,093.9","1,093.9","1,155.0","1,155.0",1.94,--,57500,--,21.58,35.0,35.0,37.4,37.4,40.0,40.0,4.03,-0.09785,"1,370,013.34"
"1,568,820.23",0.76015,3.08,520.0,520.0,638.4,638.4,660.0,660.0,1.50,--,58000,--,12.72,95.0,95.0,97.4,97.4,100.0,100.0,2.69,-0.22966,"4,905,852.32"
"830,895.84",0.51989,3.00,275.0,275.0,291.8,291.8,290.0,290.0,12.47,--,58500,--,16.93,250.0,250.0,261.4,261.4,255.0,255.0,6.50,-0.48011,"660,155.81"
"1,667,054.22",0.25545,4.73,105.0,105.0,107.4,107.4,110.0,110.0,15.05,--,59000,--,6.10,460.0,460.0,613.0,613.0,655.0,655.0,7.60,-0.71483,"465,442.00"
"2,348,260.18",0.12673,0.01,50.0,50.0,52.4,52.4,55.0,55.0,19.74,--,59500,--,3.93,890.0,890.0,"1,063.1","1,063.1","1,155.0","1,155.0",1.96,-0.82632,"259,618.40"
"3,407,783.95",0.06956,15.28,25.0,25.0,29.7,29.7,35.0,35.0,5.21,--,60000,--,1.50,"1,070.0","1,070.0","1,646.7","1,646.7","1,955.0","1,955.0",1.50,-0.80479,"205,238.87"
"529,761.88",0.03960,10.46,15.0,15.0,17.3,17.3,20.0,20.0,5.10,--,60500,--,1.50,"1,485.0","1,485.0","2,123.5","2,123.5","2,480.0","2,480.0",1.50,-0.84246,0.00
"905,740.79",0.09427,0.00,0.0,0.0,79.1,79.1,20.0,20.0,12.00,--,61000,--,1.50,"1,930.0","1,930.0","2,618.4","2,618.4","3,040.0","3,040.0",1.50,-0.86254,"234,475.18"
"661,909.99",0.05311,0.00,0.0,0.0,45.6,45.6,25.0,25.0,12.02,--,62000,--,1.50,"2,765.0","2,765.0","3,541.9","3,541.9","4,215.0","4,215.0",1.50,-0.92704,"7,601.43"
"1,090,514.25",0.01214,0.00,0.0,0.0,9.5,9.5,10.0,10.0,10.36,--,64000,--,1.50,"4,420.0","4,420.0","5,477.4","5,477.4","6,490.0","6,490.0",1.50,-0.98829,0.00
0.00,0.99995,0.27,550.0,550.0,"5,516.1","5,516.1",0.0,0.0,0.00,--,53000,--,0.07,10.0,10.0,18.2,18.2,30.0,30.0,17.18,-0.01781,"988,187.17"
0.00,0.98103,1.50,"3,605.0","3,605.0","4,532.3","4,532.3","5,300.0","5,300.0",1.50,--,54000,--,3.00,5.0,5.0,12.4,12.4,25.0,25.0,12.00,-0.01569,"1,140,800.70"
0.00,0.94586,1.50,"2,745.0","2,745.0","3,569.7","3,569.7","4,195.0","4,195.0",1.50,--,55000,--,0.00,0.0,0.0,30.6,30.6,15.0,15.0,12.00,-0.03703,"501,110.30"
0.00,0.91534,1.50,"2,335.0","2,335.0","3,106.7","3,106.7","3,675.0","3,675.0",1.50,--,55500,--,0.00,0.0,0.0,48.3,48.3,20.0,20.0,12.00,-0.05661,"555,489.83"
"65,489.32",0.87387,1.50,"1,915.0","1,915.0","2,662.6","2,662.6","3,100.0","3,100.0",1.50,--,56000,--,1.01,5.0,5.0,7.2,7.2,10.0,10.0,2.10,-0.01649,"4,525,780.33"
"87,124.19",0.85192,1.50,"1,470.0","1,470.0","2,171.9","2,171.9","2,545.0","2,545.0",1.50,--,56500,--,7.67,15.0,15.0,17.3,17.3,20.0,20.0,3.00,-0.03734,"1,255,991.75"
"1,095,192.06",0.81918,1.50,"1,055.0","1,055.0","1,687.4","1,687.4","2,000.0","2,000.0",1.50,--,57000,--,21.92,20.0,20.0,22.4,22.4,25.0,25.0,4.43,-0.05454,"4,406,496.20"
"480,060.16",0.85460,1.97,950.0,950.0,"1,090.8","1,090.8","1,165.0","1,165.0",1.97,--,57500,--,12.22,40.0,40.0,42.4,42.4,45.0,45.0,6.43,-0.10635,"1,370,013.34"
"1,568,820.23",0.74866,1.50,505.0,505.0,635.6,635.6,665.0,665.0,1.50,--,58000,--,18.20,95.0,95.0,97.4,97.4,100.0,100.0,1.50,-0.23220,"4,905,852.32"
"830,895.84",0.51234,12.01,260.0,260.0,285.0,285.0,285.0,285.0,9.79,--,58500,--,18.75,250.0,250.0,267.7,267.7,255.0,255.0,6.50,-0.48777,"660,155.81"
"1,667,054.22",0.25268,5.62,105.0,105.0,107.4,107.4,110.0,110.0,19.10,--,59000,--,0.25,515.0,515.0,625.3,625.3,670.0,670.0,7.50,-0.71835,"465,442.00"
"2,348,260.18",0.12578,3.01,50.0,50.0,52.4,52.4,55.0,55.0,22.10,--,59500,--,3.89,900.0,900.0,"1,076.0","1,076.0","1,170.0","1,170.0",1.94,-0.83171,"259,618.40"
"3,407,783.95",0.06916,3.06,25.0,25.0,29.7,29.7,35.0,35.0,7.10,--,60000,--,1.50,"1,070.0","1,070.0","1,653.6","1,653.6","1,955.0","1,955.0",1.50,-0.80900,"205,238.87"
"529,761.88",0.03942,8.18,15.0,15.0,17.3,17.3,20.0,20.0,7.22,--,60500,--,1.50,"1,485.0","1,485.0","2,131.1","2,131.1","2,480.0","2,480.0",1.50,-0.84607,0.00
"905,740.79",0.09343,0.00,0.0,0.0,78.4,78.4,20.0,20.0,12.00,--,61000,--,1.50,"1,930.0","1,930.0","2,626.5","2,626.5","3,040.0","3,040.0",1.50,-0.86560,"234,475.18"
"661,909.99",0.05268,0.00,0.0,0.0,45.2,45.2,25.0,25.0,12.02,--,62000,--,1.50,"2,765.0","2,765.0","3,554.1","3,554.1","4,215.0","4,215.0",1.50,-0.92787,"7,601.43"
"1,090,514.25",0.01204,0.00,0.0,0.0,9.4,9.4,10.0,10.0,10.36,--,64000,--,1.50,"4,420.0","4,420.0","5,490.4","5,490.4","6,490.0","6,490.0",1.50,-0.98847,0.00
0.00,0.99995,0.27,550.0,550.0,"5,516.9","5,516.9",0.0,0.0,0.00,--,53000,--,0.07,10.0,10.0,18.2,18.2,30.0,30.0,17.18,-0.01781,"988,187.17"
0.00,0.98106,1.50,"3,605.0","3,605.0","4,533.1","4,533.1","5,300.0","5,300.0",1.50,--,54000,--,3.00,5.0,5.0,12.4,12.4,25.0,25.0,12.00,-0.01569,"1,140,800.70"
0.00,0.94591,1.50,"2,745.0","2,745.0","3,570.4","3,570.4","4,195.0","4,195.0",1.50,--,55000,--,0.00,0.0,0.0,30.6,30.6,15.0,15.0,12.00,-0.03700,"501,110.30"
0.00,0.91541,1.50,"2,335.0","2,335.0","3,107.4","3,107.4","3,675.0","3,675.0",1.50,--,55500,--,0.00,0.0,0.0,48.2,48.2,20.0,20.0,12.00,-0.05657,"555,489.83"
"65,489.32",0.87396,1.50,"1,915.0","1,915.0","2,663.3","2,663.3","3,100.0","3,100.0",1.50,--,56000,--,18.80,5.0,5.0,7.2,7.2,10.0,10.0,2.10,-0.01649,"4,525,780.33"
"87,124.19",0.85213,1.50,"1,470.0","1,470.0","2,172.4","2,172.4","2,545.0","2,545.0",1.50,--,56500,--,8.17,15.0,15.0,17.3,17.3,20.0,20.0,3.00,-0.03732,"1,255,991.75"
"1,095,192.06",0.81943,1.50,"1,055.0","1,055.0","1,687.8","1,687.8","2,000.0","2,000.0",1.50,--,57000,--,25.92,20.0,20.0,22.4,22.4,25.0,25.0,4.43,-0.05452,"4,406,496.20"
"480,060.16",0.86166,1.97,925.0,925.0,"1,085.2","1,085.2","1,150.0","1,150.0",1.97,--,57500,--,12.22,40.0,40.0,42.4,42.4,45.0,45.0,9.43,-0.10629,"1,370,013.34"
"1,568,820.23",0.75549,1.50,505.0,505.0,628.7,628.7,650.0,650.0,3.13,--,58000,--,18.20,95.0,95.0,97.4,97.4,100.0,100.0,1.50,-0.23200,"4,905,852.32"
"830,895.84",0.51281,15.51,260.0,260.0,285.4,285.4,280.0,280.0,0.44,--,58500,--,18.75,250.0,250.0,267.3,267.3,255.0,255.0,6.50,-0.48719,"660,155.81"
"1,667,054.22",0.25285,3.00,105.0,105.0,107.4,107.4,110.0,110.0,17.72,--,59000,--,0.25,445.0,445.0,627.3,627.3,675.0,675.0,1.50,-0.71601,"465,442.00"
"2,348,260.18",0.12584,3.01,50.0,50.0,52.4,52.4,55.0,55.0,22.10,--,59500,--,4.05,895.0,895.0,"1,071.5","1,071.5","1,160.0","1,160.0",3.89,-0.83117,"259,618.40"
"3,407,783.95",0.06919,3.06,25.0,25.0,29.7,29.7,35.0,35.0,7.98,--,60000,--,1.50,"1,070.0","1,070.0","1,653.2","1,653.2","1,955.0","1,955.0",1.50,-0.80869,"205,238.87"
"529,761.88",0.03943,8.18,15.0,15.0,17.3,17.3,20.0,20.0,7.22,--,60500,--,1.50,"1,485.0","1,485.0","2,130.6","2,130.6","2,480.0","2,480.0",1.50,-0.84580,0.00
"905,740.79",0.09347,0.00,0.0,0.0,78.4,78.4,20.0,20.0,12.00,--,61000,--,1.50,"1,930.0","1,930.0","2,626.0","2,626.0","3,040.0","3,040.0",1.50,-0.86537,"234,475.18"
"661,909.99",0.05270,0.00,0.0,0.0,45.2,45.2,25.0,25.0,12.02,--,62000,--,1.50,"2,765.0","2,765.0","3,553.3","3,553.3","4,215.0","4,215.0",1.50,-0.92782,"7,601.43"
"1,090,514.25",0.01204,0.00,0.0,0.0,9.4,9.4,10.0,10.0,10.36,--,64000,--,1.50,"4,420.0","4,420.0","5,489.5","5,489.5","6,490.0","6,490.0",1.50,-0.98847,0.00
0.00,0.99995,0.27,550.0,550.0,"5,502.4","5,502.4",0.0,0.0,0.00,--,53000,--,0.07,10.0,10.0,18.2,18.2,30.0,30.0,17.18,-0.01785,"988,600.51"
0.00,0.98077,1.50,"3,605.0","3,605.0","4,518.9","4,518.9","5,300.0","5,300.0",1.50,--,54000,--,3.00,5.0,5.0,12.4,12.4,25.0,25.0,12.00,-0.01573,"1,141,277.87"
0.00,0.94523,1.50,"2,745.0","2,745.0","3,556.7","3,556.7","4,195.0","4,195.0",1.50,--,55000,--,0.00,0.0,0.0,30.9,30.9,15.0,15.0,12.00,-0.03736,"501,319.90"
0.00,0.91444,1.50,"2,335.0","2,335.0","3,094.1","3,094.1","3,675.0","3,675.0",1.50,--,55500,--,0.00,0.0,0.0,48.7,48.7,20.0,20.0,12.00,-0.05711,"555,722.18"
"65,516.72",0.87266,1.50,"1,915.0","1,915.0","2,650.6","2,650.6","3,100.0","3,100.0",1.50,--,56000,--,19.16,5.0,5.0,7.2,7.2,10.0,10.0,0.50,-0.01656,"4,527,673.38"
"87,160.63",0.84852,1.50,"1,470.0","1,470.0","2,163.9","2,163.9","2,545.0","2,545.0",1.50,--,56500,--,20.39,15.0,15.0,17.3,17.3,20.0,20.0,3.00,-0.03752,"1,256,517.10"
"1,095,650.16",0.81511,1.50,"1,055.0","1,055.0","1,680.1","1,680.1","2,000.0","2,000.0",1.50,--,57000,--,26.84,20.0,20.0,22.4,22.4,25.0,25.0,3.99,-0.05488,"4,514,219.05"
"480,260.96",0.85105,1.50,905.0,905.0,"1,079.4","1,079.4","1,155.0","1,155.0",2.03,--,57500,--,17.08,40.0,40.0,42.4,42.4,45.0,45.0,5.51,-0.10721,"1,370,586.39"
"1,569,476.44",0.73030,3.18,465.0,465.0,642.0,642.0,690.0,690.0,3.18,--,58000,--,2.42,105.0,105.0,107.4,107.4,110.0,110.0,4.49,-0.24447,"4,907,904.35"
"831,243.39",0.50447,0.01,260.0,260.0,278.0,278.0,270.0,270.0,5.48,--,58500,--,11.74,270.0,270.0,274.7,274.7,275.0,275.0,6.50,-0.49553,"660,431.94"
"1,667,751.52",0.24505,3.00,100.0,100.0,102.4,102.4,105.0,105.0,17.25,--,59000,--,5.88,545.0,545.0,635.3,635.3,680.0,680.0,1.50,-0.72365,"465,636.69"
"2,349,242.41",0.12480,0.01,50.0,50.0,52.4,52.4,55.0,55.0,25.62,--,59500,--,3.90,905.0,905.0,"1,072.9","1,072.9","1,145.0","1,145.0",1.50,-0.84573,"259,727.00"
"3,409,209.36",0.06876,3.06,25.0,25.0,29.7,29.7,35.0,35.0,8.82,--,60000,--,1.50,"1,070.0","1,070.0","1,660.9","1,660.9","1,955.0","1,955.0",1.50,-0.81331,"205,324.72"
"529,983.47",0.03923,7.32,15.0,15.0,17.3,17.3,20.0,20.0,7.22,--,60500,--,1.50,"1,445.0","1,445.0","2,151.6","2,151.6","2,515.0","2,515.0",1.50,-0.84280,0.00
"906,119.64",0.09254,0.00,0.0,0.0,77.6,77.6,20.0,20.0,12.00,--,61000,--,1.50,"1,875.0","1,875.0","2,646.6","2,646.6","3,075.0","3,075.0",1.50,-0.86259,"234,573.25"
"662,186.85",0.05222,0.00,0.0,0.0,44.8,44.8,25.0,25.0,12.02,--,62000,--,1.50,"2,765.0","2,765.0","3,566.7","3,566.7","4,215.0","4,215.0",1.50,-0.92870,"7,604.61"
"1,090,970.39",0.01193,0.00,0.0,0.0,9.3,9.3,10.0,10.0,10.36,--,64000,--,1.50,"4,420.0","4,420.0","5,503.9","5,503.9","6,490.0","6,490.0",1.50,-0.98866,0.00
0.00,0.99996,0.27,550.0,550.0,"5,558.7","5,558.7",0.0,0.0,0.00,--,53000,--,0.07,10.0,10.0,18.2,18.2,30.0,30.0,18.00,-0.01770,"988,600.51"
0.00,0.98190,1.50,"3,610.0","3,610.0","4,574.1","4,574.1","5,395.0","5,395.0",1.50,--,54000,--,3.00,5.0,5.0,14.0,14.0,30.0,30.0,17.99,-0.01705,"1,141,277.87"
0.00,0.94792,1.50,"2,740.0","2,740.0","3,610.0","3,610.0","4,255.0","4,255.0",1.50,--,55000,--,0.00,0.0,0.0,39.6,39.6,30.0,30.0,17.97,-0.04392,"501,319.90"
0.00,0.91825,1.50,"2,310.0","2,310.0","3,145.7","3,145.7","3,670.0","3,670.0",1.50,--,55500,--,0.00,0.0,0.0,54.4,54.4,30.0,30.0,17.94,-0.06067,"555,722.18"
"65,516.72",0.87774,1.50,"1,880.0","1,880.0","2,699.9","2,699.9","3,150.0","3,150.0",1.50,--,56000,--,1.00,5.0,5.0,17.4,17.4,40.0,40.0,17.87,-0.03134,"4,527,673.38"
"87,160.63",0.85532,1.50,"1,450.0","1,450.0","2,211.2","2,211.2","2,585.0","2,585.0",1.50,--,56500,--,0.00,0.0,0.0,110.7,110.7,35.0,35.0,3.00,-0.12164,"1,256,517.10"
"1,095,650.16",0.82281,1.50,"1,030.0","1,030.0","1,727.9","1,727.9","2,045.0","2,045.0",1.50,--,57000,--,0.00,0.0,0.0,165.0,165.0,45.0,45.0,3.00,-0.17547,"4,514,219.05"
"480,260.96",0.88019,1.50,960.0,960.0,"1,114.0","1,114.0","1,165.0","1,165.0",1.50,--,57500,--,6.50,25.0,25.0,42.9,42.9,65.0,65.0,3.00,-0.10443,"1,370,586.39"
"1,569,476.44",0.74493,1.50,520.0,520.0,693.1,693.1,750.0,750.0,1.50,--,58000,--,3.00,75.0,75.0,92.9,92.9,105.0,105.0,1.50,-0.21963,"4,907,904.35"
"831,243.39",0.53533,3.50,270.0,270.0,321.1,321.1,335.0,335.0,5.00,--,58500,--,12.04,220.0,220.0,263.6,263.6,280.0,280.0,5.00,-0.46493,"660,431.94"
"1,667,751.52",0.30234,3.00,85.0,85.0,159.4,159.4,210.0,210.0,3.00,--,59000,--,1.50,435.0,435.0,577.6,577.6,605.0,605.0,1.50,-0.71260,"465,636.69"
"2,349,242.41",0.13552,3.01,50.0,50.0,57.3,57.3,65.0,65.0,3.00,--,59500,--,4.09,865.0,865.0,"1,006.4","1,006.4","1,055.0","1,055.0",1.50,-0.85261,"259,727.00"
"3,409,209.36",0.08032,3.00,25.0,25.0,36.4,36.4,50.0,50.0,17.47,--,60000,--,1.50,"1,070.0","1,070.0","1,607.3","1,607.3","1,895.0","1,895.0",1.50,-0.80835,"205,324.72"
"529,983.47",0.14079,0.00,0.0,0.0,123.9,123.9,30.0,30.0,3.50,--,60500,--,1.50,"1,445.0","1,445.0","2,119.4","2,119.4","2,515.0","2,515.0",1.50,-0.82798,0.00
"906,119.64",0.10288,0.00,0.0,0.0,90.1,90.1,30.0,30.0,17.89,--,61000,--,1.50,"1,875.0","1,875.0","2,612.4","2,612.4","3,075.0","3,075.0",1.50,-0.84995,"234,573.25"
"662,186.85",0.05406,0.00,0.0,0.0,46.4,46.4,25.0,25.0,0.02,--,62000,--,1.50,"2,765.0","2,765.0","3,514.5","3,514.5","4,215.0","4,215.0",1.50,-0.92530,"7,604.61"
"1,090,970.39",0.01457,0.00,0.0,0.0,12.0,12.0,15.0,15.0,1.00,--,64000,--,1.50,"4,420.0","4,420.0","5,448.2","5,448.2","6,490.0","6,490.0",1.50,-0.98791,0.00
0.00,0.99996,0.27,550.0,550.0,"5,574.2","5,574.2",0.0,0.0,0.00,--,53000,--,0.07,10.0,10.0,18.2,18.2,30.0,30.0,18.00,-0.01766,"988,600.51"
0.00,0.98221,1.50,"3,610.0","3,610.0","4,589.4","4,589.4","5,395.0","5,395.0",1.50,--,54000,--,3.00,5.0,5.0,12.4,12.4,25.0,25.0,12.00,-0.01553,"1,141,277.87"
0.00,0.94867,1.50,"2,740.0","2,740.0","3,624.7","3,624.7","4,255.0","4,255.0",1.50,--,55000,--,0.00,0.0,0.0,29.5,29.5,15.0,15.0,12.00,-0.03557,"501,319.90"
0.00,0.91930,1.50,"2,365.0","2,365.0","3,160.0","3,160.0","3,715.0","3,715.0",1.50,--,55500,--,0.00,0.0,0.0,46.5,46.5,20.0,20.0,12.00,-0.05441,"555,722.18"
"65,516.72",0.87916,1.50,"1,880.0","1,880.0","2,713.5","2,713.5","3,150.0","3,150.0",1.50,--,56000,--,0.00,0.0,0.0,78.7,78.7,35.0,35.0,12.00,-0.08637,"4,527,673.38"
"87,160.63",0.85924,1.50,"1,450.0","1,450.0","2,220.5","2,220.5","2,585.0","2,585.0",1.50,--,56500,--,7.41,10.0,10.0,18.4,18.4,30.0,30.0,9.12,-0.03811,"1,256,517.10"
"1,095,650.16",0.82749,1.50,"1,030.0","1,030.0","1,736.4","1,736.4","2,045.0","2,045.0",1.50,--,57000,--,3.00,20.0,20.0,24.7,24.7,30.0,30.0,18.72,-0.05676,"4,514,219.05"
"480,260.96",0.89039,1.50,960.0,960.0,"1,122.7","1,122.7","1,165.0","1,165.0",1.50,--,57500,--,3.00,40.0,40.0,42.4,42.4,45.0,45.0,2.14,-0.10278,"1,370,586.39"
"1,569,476.44",0.75867,2.88,525.0,525.0,697.2,697.2,745.0,745.0,2.88,--,58000,--,9.55,75.0,75.0,86.4,86.4,95.0,95.0,1.50,-0.21107,"4,907,904.35"
"831,243.39",0.54487,3.00,270.0,270.0,322.8,322.8,330.0,330.0,1.50,--,58500,--,6.15,205.0,205.0,242.6,242.6,245.0,245.0,1.50,-0.45587,"660,431.94"
"1,667,751.52",0.27713,3.00,115.0,115.0,122.6,122.6,130.0,130.0,12.22,--,59000,--,1.50,435.0,435.0,571.8,571.8,605.0,605.0,1.50,-0.70187,"465,636.69"
"2,349,242.41",0.13355,6.51,50.0,50.0,54.9,54.9,60.0,60.0,12.22,--,59500,--,4.30,830.0,830.0,"1,017.3","1,017.3","1,100.0","1,100.0",4.13,-0.81878,"259,727.00"
"3,409,209.36",0.07853,0.06,30.0,30.0,34.8,34.8,40.0,40.0,12.22,--,60000,--,1.50,"1,070.0","1,070.0","1,599.1","1,599.1","1,895.0","1,895.0",1.50,-0.80323,"205,324.72"
"529,983.47",0.13905,0.00,0.0,0.0,120.2,120.2,25.0,25.0,3.00,--,60500,--,1.50,"1,445.0","1,445.0","2,082.9","2,082.9","2,440.0","2,440.0",1.50,-0.83808,0.00
"906,119.64",0.09716,0.00,0.0,0.0,81.6,81.6,20.0,20.0,12.00,--,61000,--,1.50,"1,875.0","1,875.0","2,603.1","2,603.1","3,075.0","3,075.0",1.50,-0.84646,"234,573.25"
"662,186.85",0.05459,0.00,0.0,0.0,46.9,46.9,25.0,25.0,12.02,--,62000,--,1.50,"2,765.0","2,765.0","3,500.1","3,500.1","4,215.0","4,215.0",1.50,-0.92434,"7,604.61"
"1,090,970.39",0.01248,0.00,0.0,0.0,9.8,9.8,10.0,10.0,10.35,--,64000,--,1.50,"4,420.0","4,420.0","5,432.8","5,432.8","6,490.0","6,490.0",1.50,-0.98770,0.00
0.00,0.99996,0.27,550.0,550.0,"5,579.7","5,579.7",0.0,0.0,0.00,--,53000,--,0.07,10.0,10.0,18.2,18.2,30.0,30.0,18.00,-0.01765,"988,600.51"
0.00,0.98232,1.50,"3,610.0","3,610.0","4,594.7","4,594.7","5,395.0","5,395.0",1.50,--,54000,--,3.00,5.0,5.0,12.4,12.4,25.0,25.0,12.00,-0.01551,"1,141,277.87"
0.00,0.94892,1.50,"2,740.0","2,740.0","3,629.9","3,629.9","4,255.0","4,255.0",1.50,--,55000,--,0.00,0.0,0.0,29.4,29.4,15.0,15.0,12.00,-0.03546,"501,319.90"
0.00,0.91965,1.50,"2,365.0","2,365.0","3,164.9","3,164.9","3,715.0","3,715.0",1.50,--,55500,--,0.00,0.0,0.0,46.3,46.3,20.0,20.0,12.00,-0.05425,"555,722.18"
"65,516.72",0.87963,1.50,"1,880.0","1,880.0","2,718.2","2,718.2","3,150.0","3,150.0",1.50,--,56000,--,0.00,0.0,0.0,78.5,78.5,35.0,35.0,12.00,-0.08613,"4,527,673.38"
"87,160.63",0.86054,1.50,"1,450.0","1,450.0","2,223.7","2,223.7","2,585.0","2,585.0",1.50,--,56500,--,2.56,15.0,15.0,17.3,17.3,20.0,20.0,3.00,-0.03651,"1,256,517.10"
"1,095,650.16",0.82904,1.50,"1,095.0","1,095.0","1,739.4","1,739.4","2,045.0","2,045.0",1.50,--,57000,--,6.50,20.0,20.0,22.4,22.4,25.0,25.0,0.18,-0.05302,"4,514,219.05"
"480,260.96",0.84722,3.79,975.0,975.0,"1,166.8","1,166.8","1,270.0","1,270.0",3.79,--,57500,--,18.72,35.0,35.0,39.8,39.8,45.0,45.0,5.64,-0.09869,"1,370,586.39"
"1,569,476.44",0.75447,2.85,560.0,560.0,706.5,706.5,760.0,760.0,2.85,--,58000,--,12.22,80.0,80.0,84.9,84.9,90.0,90.0,1.50,-0.20765,"4,907,904.35"
"831,243.39",0.54876,3.00,285.0,285.0,319.3,319.3,320.0,320.0,12.38,--,58500,--,2.00,220.0,220.0,238.1,238.1,235.0,235.0,1.50,-0.45164,"660,431.94"
"1,667,751.52",0.28105,3.00,115.0,115.0,123.4,123.4,130.0,130.0,12.22,--,59000,--,1.50,435.0,435.0,570.1,570.1,605.0,605.0,1.50,-0.69901,"465,636.69"
"2,349,242.41",0.13396,3.01,50.0,50.0,54.9,54.9,60.0,60.0,18.72,--,59500,--,2.25,795.0,795.0,"1,015.0","1,015.0","1,100.0","1,100.0",2.08,-0.82030,"259,727.00"
"3,409,209.36",0.07463,0.06,25.0,25.0,32.0,32.0,40.0,40.0,12.22,--,60000,--,1.50,"1,070.0","1,070.0","1,596.7","1,596.7","1,895.0","1,895.0",1.50,-0.80184,"205,324.72"
"529,983.47",0.04031,8.65,15.0,15.0,17.3,17.3,20.0,20.0,6.50,--,60500,--,1.50,"1,445.0","1,445.0","2,080.2","2,080.2","2,440.0","2,440.0",1.50,-0.83692,0.00
"906,119.64",0.09749,0.00,0.0,0.0,81.9,81.9,20.0,20.0,12.00,--,61000,--,1.50,"1,875.0","1,875.0","2,569.3","2,569.3","2,985.0","2,985.0",1.50,-0.86074,"234,573.25"
"662,186.85",0.05473,0.00,0.0,0.0,47.0,47.0,25.0,25.0,12.02,--,62000,--,1.50,"2,765.0","2,765.0","3,495.8","3,495.8","4,215.0","4,215.0",1.50,-0.92409,"7,604.61"
"1,090,970.39",0.01251,0.00,0.0,0.0,9.8,9.8,10.0,10.0,10.35,--,64000,--,1.50,"4,420.0","4,420.0","5,428.3","5,428.3","6,490.0","6,490.0",1.50,-0.98765,0.00
0.00,0.99996,0.27,550.0,550.0,"5,591.6","5,591.6",0.0,0.0,0.00,--,53000,--,0.07,10.0,10.0,18.2,18.2,30.0,30.0,18.00,-0.01761,"988,600.51"
0.00,0.98255,1.50,"3,610.0","3,610.0","4,606.4","4,606.4","5,395.0","5,395.0",1.50,--,54000,--,3.00,5.0,5.0,12.4,12.4,25.0,25.0,12.00,-0.01548,"1,141,277.87"
0.00,0.94947,1.50,"2,740.0","2,740.0","3,641.1","3,641.1","4,255.0","4,255.0",1.50,--,55000,--,0.00,0.0,0.0,29.1,29.1,15.0,15.0,12.00,-0.03516,"501,319.90"
0.00,0.92044,1.50,"2,365.0","2,365.0","3,175.8","3,175.8","3,715.0","3,715.0",1.50,--,55500,--,0.00,0.0,0.0,45.9,45.9,20.0,20.0,12.00,-0.05378,"555,722.18"
"65,516.72",0.88073,1.50,"1,880.0","1,880.0","2,728.6","2,728.6","3,150.0","3,150.0",1.50,--,56000,--,0.00,0.0,0.0,77.8,77.8,35.0,35.0,12.00,-0.08543,"4,527,673.38"
"87,160.63",0.85623,1.50,"1,525.0","1,525.0","2,244.8","2,244.8","2,625.0","2,625.0",1.50,--,56500,--,3.43,15.0,15.0,17.3,17.3,20.0,20.0,3.50,-0.03634,"1,256,517.10"
"1,095,650.16",0.83260,1.50,"1,095.0","1,095.0","1,745.9","1,745.9","2,045.0","2,045.0",1.50,--,57000,--,6.50,20.0,20.0,22.4,22.4,25.0,25.0,0.18,-0.05273,"4,514,219.05"
"480,260.96",0.78934,1.50,775.0,775.0,"1,260.6","1,260.6","1,485.0","1,485.0",1.50,--,57500,--,3.00,40.0,40.0,42.4,42.4,45.0,45.0,7.38,-0.10179,"1,370,586.39"
"1,569,476.44",0.77883,1.50,575.0,575.0,692.7,692.7,720.0,720.0,1.50,--,58000,--,15.72,80.0,80.0,84.9,84.9,90.0,90.0,1.50,-0.20556,"4,907,904.35"
"831,243.39",0.55564,3.00,310.0,310.0,325.2,325.2,325.0,325.0,1.50,--,58500,--,2.46,205.0,205.0,232.4,232.4,225.0,225.0,1.50,-0.44436,"660,431.94"
"1,667,751.52",0.28928,3.00,120.0,120.0,130.0,130.0,140.0,140.0,3.50,--,59000,--,1.50,435.0,435.0,558.1,558.1,590.0,590.0,1.50,-0.69545,"465,636.69"
"2,349,242.41",0.13492,5.11,50.0,50.0,54.9,54.9,60.0,60.0,15.72,--,59500,--,1.50,840.0,840.0,996.0,996.0,"1,070.0","1,070.0",1.50,-0.82518,"259,727.00"
"3,409,209.36",0.07503,6.56,25.0,25.0,32.0,32.0,40.0,40.0,12.22,--,60000,--,1.50,"1,070.0","1,070.0","1,568.1","1,568.1","1,840.0","1,840.0",1.50,-0.80988,"205,324.72"
"529,983.47",0.04049,12.80,15.0,15.0,17.3,17.3,20.0,20.0,6.50,--,60500,--,1.50,"1,445.0","1,445.0","2,073.0","2,073.0","2,440.0","2,440.0",1.50,-0.83347,0.00
"906,119.64",0.09827,0.00,0.0,0.0,82.6,82.6,20.0,20.0,12.00,--,61000,--,1.50,"1,875.0","1,875.0","2,561.5","2,561.5","2,985.0","2,985.0",1.50,-0.85779,"234,573.25"
"662,186.85",0.05515,0.00,0.0,0.0,47.3,47.3,25.0,25.0,12.02,--,62000,--,1.50,"2,765.0","2,765.0","3,484.0","3,484.0","4,075.0","4,075.0",1.50,-0.92331,"7,604.61"
"1,090,970.39",0.01261,0.00,0.0,0.0,9.9,9.9,10.0,10.0,10.35,--,64000,--,1.50,"4,420.0","4,420.0","5,415.7","5,415.7","6,490.0","6,490.0",1.50,-0.98747,0.00
0.00,0.99996,0.27,550.0,550.0,"5,598.3","5,598.3",0.0,0.0,0.00,--,53000,--,0.07,10.0,10.0,18.2,18.2,30.0,30.0,18.00,-0.01760,"988,600.51"
0.00,0.98269,1.50,"3,610.0","3,610.0","4,613.0","4,613.0","5,395.0","5,395.0",1.50,--,54000,--,3.00,5.0,5.0,12.4,12.4,25.0,25.0,12.00,-0.01546,"1,141,277.87"
0.00,0.94979,1.50,"2,740.0","2,740.0","3,647.5","3,647.5","4,255.0","4,255.0",1.50,--,55000,--,0.00,0.0,0.0,29.0,29.0,15.0,15.0,12.00,-0.03499,"501,319.90"
0.00,0.92089,1.50,"2,365.0","2,365.0","3,182.0","3,182.0","3,715.0","3,715.0",1.50,--,55500,--,0.00,0.0,0.0,45.7,45.7,20.0,20.0,12.00,-0.05353,"555,722.18"
"65,516.72",0.88215,1.50,"1,965.0","1,965.0","2,732.8","2,732.8","3,150.0","3,150.0",1.50,--,56000,--,0.00,0.0,0.0,77.5,77.5,35.0,35.0,12.00,-0.08506,"4,527,673.38"
"87,160.63",0.85788,1.50,"1,525.0","1,525.0","2,248.8","2,248.8","2,625.0","2,625.0",1.50,--,56500,--,10.75,10.0,10.0,12.3,12.3,15.0,15.0,0.50,-0.02832,"1,256,517.10"
"1,095,650.16",0.83464,1.50,"1,115.0","1,115.0","1,749.7","1,749.7","2,045.0","2,045.0",1.50,--,57000,--,10.50,20.0,20.0,22.4,22.4,25.0,25.0,0.18,-0.05257,"4,514,219.05"
"480,260.96",0.78835,1.50,780.0,780.0,"1,270.2","1,270.2","1,500.0","1,500.0",1.51,--,57500,--,3.00,40.0,40.0,42.4,42.4,45.0,45.0,15.09,-0.10141,"1,370,586.39"
"1,569,476.44",0.76849,1.50,610.0,610.0,712.0,712.0,755.0,755.0,2.87,--,58000,--,12.72,85.0,85.0,87.4,87.4,90.0,90.0,1.50,-0.20724,"4,907,904.35"
"831,243.39",0.55939,3.00,305.0,305.0,329.5,329.5,330.0,330.0,3.91,--,58500,--,13.59,225.0,225.0,229.7,229.7,230.0,230.0,1.50,-0.44057,"660,431.94"
"1,667,751.52",0.28776,0.75,115.0,115.0,126.0,126.0,130.0,130.0,0.50,--,59000,--,6.58,475.0,475.0,555.6,555.6,590.0,590.0,1.50,-0.69098,"465,636.69"
"2,349,242.41",0.13548,6.51,50.0,50.0,54.9,54.9,60.0,60.0,12.22,--,59500,--,1.50,815.0,815.0,998.9,998.9,"1,085.0","1,085.0",1.50,-0.81519,"259,727.00"
"3,409,209.36",0.08269,12.28,30.0,30.0,37.1,37.1,45.0,45.0,18.67,--,60000,--,1.50,960.0,960.0,"1,562.5","1,562.5","1,835.0","1,835.0",1.50,-0.80876,"205,324.72"
"529,983.47",0.04058,11.62,15.0,15.0,17.3,17.3,20.0,20.0,3.50,--,60500,--,1.50,"1,445.0","1,445.0","2,069.1","2,069.1","2,440.0","2,440.0",1.50,-0.83165,0.00
"906,119.64",0.09871,0.00,0.0,0.0,82.9,82.9,20.0,20.0,12.00,--,61000,--,1.50,"1,875.0","1,875.0","2,557.4","2,557.4","2,985.0","2,985.0",1.50,-0.85623,"234,573.25"
"662,186.85",0.05538,0.00,0.0,0.0,47.5,47.5,25.0,25.0,12.02,--,62000,--,1.50,"2,765.0","2,765.0","3,477.8","3,477.8","4,075.0","4,075.0",1.50,-0.92290,"7,604.61"
"1,090,970.39",0.01266,0.00,0.0,0.0,9.9,9.9,10.0,10.0,10.35,--,64000,--,1.50,"4,420.0","4,420.0","5,409.0","5,409.0","6,490.0","6,490.0",1.50,-0.98738,0.00
0.00,0.99996,0.27,550.0,550.0,"5,602.0","5,602.0",0.0,0.0,0.00,--,53000,--,0.07,10.0,10.0,18.2,18.2,30.0,30.0,18.00,-0.01759,"988,600.51"
0.00,0.98276,1.50,"3,610.0","3,610.0","4,616.6","4,616.6","5,395.0","5,395.0",1.50,--,54000,--,3.00,5.0,5.0,12.4,12.4,25.0,25.0,12.00,-0.01545,"1,141,277.87"
0.00,0.94997,1.50,"2,740.0","2,740.0","3,651.0","3,651.0","4,255.0","4,255.0",1.50,--,55000,--,0.00,0.0,0.0,28.9,28.9,15.0,15.0,12.00,-0.03490,"501,319.90"
0.00,0.92114,1.50,"2,365.0","2,365.0","3,185.4","3,185.4","3,715.0","3,715.0",1.50,--,55500,--,0.00,0.0,0.0,45.6,45.6,20.0,20.0,12.00,-0.05340,"555,722.18"
"65,516.72",0.88292,1.50,"1,970.0","1,970.0","2,735.2","2,735.2","3,150.0","3,150.0",1.50,--,56000,--,0.00,0.0,0.0,77.3,77.3,35.0,35.0,12.00,-0.08484,"4,527,673.38"
"87,160.63",0.85878,1.50,"1,525.0","1,525.0","2,251.0","2,251.0","2,625.0","2,625.0",1.50,--,56500,--,10.75,10.0,10.0,12.3,12.3,15.0,15.0,0.50,-0.02828,"1,256,517.10"
"1,095,650.16",0.83053,1.50,"1,115.0","1,115.0","1,761.2","1,761.2","2,070.0","2,070.0",1.50,--,57000,--,6.50,20.0,20.0,22.4,22.4,25.0,25.0,0.18,-0.05249,"4,514,219.05"
"480,260.96",0.78971,1.50,780.0,780.0,"1,272.0","1,272.0","1,500.0","1,500.0",1.51,--,57500,--,6.50,35.0,35.0,37.4,37.4,40.0,40.0,0.50,-0.09377,"1,370,586.39"
"1,569,476.44",0.78180,2.82,585.0,585.0,701.8,701.8,730.0,730.0,2.82,--,58000,--,0.50,85.0,85.0,87.4,87.4,90.0,90.0,1.50,-0.20664,"4,907,904.35"
"831,243.39",0.56066,3.50,310.0,310.0,335.5,335.5,340.0,340.0,10.14,--,58500,--,11.31,215.0,215.0,238.8,238.8,250.0,250.0,1.75,-0.44008,"660,431.94"
"1,667,751.52",0.28910,0.74,120.0,120.0,126.5,126.5,130.0,130.0,0.50,--,59000,--,3.00,475.0,475.0,549.4,549.4,580.0,580.0,5.00,-0.69167,"465,636.69"
"2,349,242.41",0.13928,3.00,55.0,55.0,57.4,57.4,60.0,60.0,12.22,--,59500,--,2.08,805.0,805.0,992.9,992.9,"1,075.0","1,075.0",2.08,-0.81502,"259,727.00"
"3,409,209.36",0.08283,12.28,30.0,30.0,37.1,37.1,45.0,45.0,18.67,--,60000,--,1.50,965.0,965.0,"1,560.6","1,560.6","1,835.0","1,835.0",1.50,-0.80749,"205,324.72"
"529,983.47",0.04064,10.79,15.0,15.0,17.3,17.3,20.0,20.0,3.50,--,60500,--,1.50,"1,445.0","1,445.0","2,067.0","2,067.0","2,440.0","2,440.0",1.50,-0.83064,0.00
"906,119.64",0.09895,0.00,0.0,0.0,83.1,83.1,20.0,20.0,12.00,--,61000,--,1.50,"1,875.0","1,875.0","2,555.2","2,555.2","2,985.0","2,985.0",1.50,-0.85536,"234,573.25"
"662,186.85",0.05549,0.00,0.0,0.0,47.6,47.6,25.0,25.0,12.02,--,62000,--,1.50,"2,765.0","2,765.0","3,474.4","3,474.4","4,075.0","4,075.0",1.50,-0.92268,"7,604.61"
"1,090,970.39",0.01269,0.00,0.0,0.0,9.9,9.9,10.0,10.0,10.35,--,64000,--,1.50,"4,420.0","4,420.0","5,405.4","5,405.4","6,490.0","6,490.0",1.50,-0.98734,0.00
0.00,0.99996,0.27,550.0,550.0,"5,615.8","5,615.8",0.0,0.0,0.00,--,53000,--,0.07,10.0,10.0,18.2,18.2,30.0,30.0,18.00,-0.01755,"988,600.51"
0.00,0.98303,1.50,"3,610.0","3,610.0","4,630.2","4,630.2","5,395.0","5,395.0",1.50,--,54000,--,3.00,5.0,5.0,12.4,12.4,25.0,25.0,12.00,-0.01541,"1,141,277.87"
0.00,0.95060,1.50,"2,835.0","2,835.0","3,664.1","3,664.1","4,305.0","4,305.0",1.50,--,55000,--,0.00,0.0,0.0,28.6,28.6,15.0,15.0,12.00,-0.03457,"501,319.90"
0.00,0.92205,1.50,"2,410.0","2,410.0","3,198.1","3,198.1","3,765.0","3,765.0",1.50,--,55500,--,0.00,0.0,0.0,45.2,45.2,20.0,20.0,12.00,-0.05290,"555,722.18"
"65,516.72",0.88283,1.50,"1,980.0","1,980.0","2,749.9","2,749.9","3,180.0","3,180.0",1.50,--,56000,--,0.00,0.0,0.0,76.7,76.7,35.0,35.0,12.00,-0.08411,"4,527,673.38"
"87,160.63",0.85680,1.50,"1,550.0","1,550.0","2,269.8","2,269.8","2,655.0","2,655.0",1.50,--,56500,--,9.15,10.0,10.0,12.3,12.3,15.0,15.0,0.50,-0.02814,"1,256,517.10"
"1,095,650.16",0.82952,1.50,"1,130.0","1,130.0","1,778.4","1,778.4","2,095.0","2,095.0",1.50,--,57000,--,6.50,20.0,20.0,22.4,22.4,25.0,25.0,0.18,-0.05217,"4,514,219.05"
"480,260.96",0.79488,0.01,745.0,745.0,"1,278.9","1,278.9","1,500.0","1,500.0",0.01,--,57500,--,6.50,35.0,35.0,37.4,37.4,40.0,40.0,0.50,-0.09305,"1,370,586.39"
"1,569,476.44",0.78041,1.50,580.0,580.0,719.5,719.5,755.0,755.0,1.50,--,58000,--,15.72,80.0,80.0,84.9,84.9,90.0,90.0,0.50,-0.20173,"4,907,904.35"
"831,243.39",0.56760,5.00,315.0,315.0,346.9,346.9,355.0,355.0,9.47,--,58500,--,11.55,210.0,210.0,230.8,230.8,240.0,240.0,3.65,-0.43263,"660,431.94"
"1,667,751.52",0.29812,1.42,125.0,125.0,133.5,133.5,140.0,140.0,12.72,--,59000,--,2.00,480.0,480.0,537.1,537.1,565.0,565.0,2.00,-0.68727,"465,636.69"
"2,349,242.41",0.14047,4.58,55.0,55.0,57.4,57.4,60.0,60.0,12.22,--,59500,--,0.01,270.0,270.0,"1,141.1","1,141.1",0.0,0.0,0.00,-0.71733,"259,727.00"
"3,409,209.36",0.08714,0.06,35.0,35.0,39.8,39.8,45.0,45.0,15.82,--,60000,--,1.50,965.0,965.0,"1,553.3","1,553.3","1,835.0","1,835.0",1.50,-0.80291,"205,324.72"
"529,983.47",0.04084,25.34,15.0,15.0,17.3,17.3,20.0,20.0,3.50,--,60500,--,1.50,"1,445.0","1,445.0","2,056.3","2,056.3","2,440.0","2,440.0",1.50,-0.82558,0.00
"906,119.64",0.09987,0.00,0.0,0.0,83.9,83.9,20.0,20.0,12.00,--,61000,--,1.50,"1,875.0","1,875.0","2,543.7","2,543.7","2,985.0","2,985.0",1.50,-0.85101,"234,573.25"
"662,186.85",0.05597,0.00,0.0,0.0,48.0,48.0,25.0,25.0,12.02,--,62000,--,1.50,"2,765.0","2,765.0","3,456.8","3,456.8","4,075.0","4,075.0",1.50,-0.92149,"7,604.61"
"1,090,970.39",0.01280,0.00,0.0,0.0,10.0,10.0,10.0,10.0,10.35,--,64000,--,1.50,"4,420.0","4,420.0","5,386.6","5,386.6","6,280.0","6,280.0",1.50,-0.98707,0.00
0.00,0.99997,0.27,550.0,550.0,"5,634.7","5,634.7",0.0,0.0,0.00,--,53000,--,0.07,10.0,10.0,18.2,18.2,30.0,30.0,18.00,-0.01750,"988,600.51"
0.00,0.98338,1.50,"3,710.0","3,710.0","4,648.8","4,648.8","5,445.0","5,445.0",1.50,--,54000,--,3.00,5.0,5.0,12.4,12.4,25.0,25.0,12.00,-0.01536,"1,141,277.87"
0.00,0.95145,1.50,"2,835.0","2,835.0","3,682.0","3,682.0","4,305.0","4,305.0",1.50,--,55000,--,0.00,0.0,0.0,28.3,28.3,15.0,15.0,12.00,-0.03413,"501,319.90"
0.00,0.92326,1.50,"2,410.0","2,410.0","3,215.5","3,215.5","3,765.0","3,765.0",1.50,--,55500,--,0.00,0.0,0.0,44.6,44.6,20.0,20.0,12.00,-0.05223,"555,722.18"
"65,516.72",0.88447,1.50,"1,975.0","1,975.0","2,766.6","2,766.6","3,230.0","3,230.0",1.50,--,56000,--,0.01,5.0,5.0,15.8,15.8,35.0,35.0,12.00,-0.02860,"4,527,673.38"
"87,160.63",0.86138,1.50,"1,550.0","1,550.0","2,281.1","2,281.1","2,655.0","2,655.0",1.50,--,56500,--,8.02,10.0,10.0,14.4,14.4,20.0,20.0,15.22,-0.03140,"1,256,517.10"
"1,095,650.16",0.86974,12.00,5.0,5.0,"1,734.0","1,734.0",0.0,0.0,0.00,--,57000,--,6.50,20.0,20.0,22.4,22.4,25.0,25.0,17.82,-0.05175,"4,514,219.05"
"480,260.96",0.80203,1.51,745.0,745.0,"1,288.3","1,288.3","1,500.0","1,500.0",0.01,--,57500,--,14.22,25.0,25.0,32.0,32.0,40.0,40.0,14.32,-0.08362,"1,370,586.39"
"1,569,476.44",0.79151,5.40,600.0,600.0,730.0,730.0,760.0,760.0,5.40,--,58000,--,15.72,75.0,75.0,77.4,77.4,80.0,80.0,1.50,-0.19040,"4,907,904.35"
"831,243.39",0.57743,3.00,330.0,330.0,359.8,359.8,370.0,370.0,3.50,--,58500,--,11.72,205.0,205.0,213.6,213.6,210.0,210.0,1.50,-0.41988,"660,431.94"
"1,667,751.52",0.30791,3.00,135.0,135.0,139.9,139.9,145.0,145.0,12.22,--,59000,--,2.00,485.0,485.0,518.1,518.1,540.0,540.0,3.50,-0.68240,"465,636.69"
"2,349,242.41",0.14541,4.60,55.0,55.0,59.9,59.9,65.0,65.0,15.72,--,59500,--,4.30,810.0,810.0,953.3,953.3,"1,020.0","1,020.0",4.30,-0.82049,"259,727.00"
"3,409,209.36",0.08788,0.06,35.0,35.0,39.8,39.8,45.0,45.0,14.22,--,60000,--,1.50,965.0,965.0,"1,514.0","1,514.0",0.0,0.0,0.00,-0.81361,"205,324.72"
"529,983.47",0.04912,0.50,20.0,20.0,22.4,22.4,25.0,25.0,6.50,--,60500,--,1.50,"1,445.0","1,445.0","2,048.7","2,048.7","2,440.0","2,440.0",1.50,-0.82195,0.00
"906,119.64",0.10115,0.00,0.0,0.0,85.1,85.1,20.0,20.0,12.00,--,61000,--,1.50,"1,875.0","1,875.0","2,535.6","2,535.6","2,985.0","2,985.0",1.50,-0.84789,"234,573.25"
"662,186.85",0.05662,0.00,0.0,0.0,48.6,48.6,25.0,25.0,12.02,--,62000,--,1.50,"2,765.0","2,765.0","3,444.2","3,444.2","4,075.0","4,075.0",1.50,-0.92062,"7,604.61"
"1,090,970.39",0.01295,0.00,0.0,0.0,10.1,10.1,10.0,10.0,10.35,--,64000,--,1.50,"4,420.0","4,420.0","5,373.1","5,373.1","6,280.0","6,280.0",1.50,-0.98687,0.00
0.00,0.99997,0.27,550.0,550.0,"5,647.4","5,647.4",0.0,0.0,0.00,--,53000,--,0.07,10.0,10.0,18.2,18.2,30.0,30.0,18.00,-0.01747,"988,734.85"
0.00,0.98361,1.50,"3,710.0","3,710.0","4,661.3","4,661.3","5,445.0","5,445.0",1.50,--,54000,--,3.00,5.0,5.0,12.4,12.4,25.0,25.0,12.00,-0.01532,"1,141,432.96"
0.00,0.95202,1.50,"2,840.0","2,840.0","3,694.1","3,694.1","4,355.0","4,355.0",1.50,--,55000,--,0.00,0.0,0.0,28.0,28.0,15.0,15.0,12.00,-0.03384,"501,388.03"
0.00,0.92407,1.50,"2,440.0","2,440.0","3,227.2","3,227.2","3,760.0","3,760.0",1.50,--,55500,--,0.00,0.0,0.0,44.2,44.2,20.0,20.0,12.00,-0.05179,"555,797.70"
"65,525.62",0.88556,1.50,"1,975.0","1,975.0","2,777.8","2,777.8","3,230.0","3,230.0",1.50,--,56000,--,0.01,5.0,5.0,15.8,15.8,35.0,35.0,12.00,-0.02850,"4,528,288.63"
"87,172.48",0.86001,1.50,"1,580.0","1,580.0","2,297.4","2,297.4","2,680.0","2,680.0",1.50,--,56500,--,8.87,10.0,10.0,12.3,12.3,15.0,15.0,0.50,-0.02783,"1,256,687.85"
"1,095,799.04",0.83368,1.50,"1,160.0","1,160.0","1,805.4","1,805.4","2,120.0","2,120.0",1.50,--,57000,--,6.50,20.0,20.0,24.7,24.7,30.0,30.0,15.22,-0.05501,"4,514,832.47"
"480,326.22",0.80691,1.51,745.0,745.0,"1,294.8","1,294.8","1,500.0","1,500.0",0.01,--,57500,--,3.00,35.0,35.0,37.4,37.4,40.0,40.0,0.50,-0.09143,"1,370,772.64"
"1,569,689.71",0.79597,2.75,620.0,620.0,740.2,740.2,770.0,770.0,2.75,--,58000,--,16.74,75.0,75.0,77.4,77.4,80.0,80.0,1.50,-0.18856,"4,908,571.26"
"831,356.34",0.58684,3.50,325.0,325.0,358.5,358.5,360.0,360.0,4.72,--,58500,--,11.58,210.0,210.0,212.4,212.4,215.0,215.0,6.50,-0.41394,"660,521.68"
"1,667,978.15",0.31198,7.47,120.0,120.0,140.7,140.7,145.0,145.0,12.22,--,59000,--,2.00,480.0,480.0,518.5,518.5,550.0,550.0,5.00,-0.67089,"465,699.96"
"2,349,561.64",0.14993,3.00,60.0,60.0,62.4,62.4,65.0,65.0,12.22,--,59500,--,1.50,790.0,790.0,955.7,955.7,"1,040.0","1,040.0",1.50,-0.80480,"259,762.29"
"3,409,672.62",0.08839,0.06,35.0,35.0,39.8,39.8,45.0,45.0,14.22,--,60000,--,1.50,925.0,925.0,"1,526.9","1,526.9","1,810.0","1,810.0",1.50,-0.79794,"205,352.62"
"530,055.49",0.04935,3.50,20.0,20.0,22.4,22.4,25.0,25.0,6.50,--,60500,--,8.00,5.0,5.0,"1,932.1","1,932.1",0.0,0.0,0.00,-0.88669,0.00
"906,242.77",0.10202,0.00,0.0,0.0,85.8,85.8,20.0,20.0,12.00,--,61000,--,1.50,"1,875.0","1,875.0","2,528.0","2,528.0","2,985.0","2,985.0",1.50,-0.84500,"234,605.13"
"662,276.83",0.05706,0.00,0.0,0.0,49.0,49.0,25.0,25.0,12.02,--,62000,--,1.50,"2,765.0","2,765.0","3,432.4","3,432.4","4,075.0","4,075.0",1.50,-0.91981,"7,605.65"
"1,091,118.64",0.01305,0.00,0.0,0.0,10.2,10.2,10.0,10.0,10.35,--,64000,--,1.50,"4,420.0","4,420.0","5,360.5","5,360.5","6,280.0","6,280.0",1.50,-0.98669,0.00
